{"v":"5.0.4","fr":60,"ip":0,"op":135,"w":264,"h":464,"nm":"celebration_movies","ddd":0,"assets":[],"layers":[{"ddd":0,"ind":1,"ty":4,"nm":"musicL","parent":6,"sr":1,"ks":{"o":{"a":0,"k":80,"ix":11},"r":{"a":0,"k":0,"ix":10},"p":{"a":0,"k":[-11.295,131.34,0],"ix":2},"a":{"a":0,"k":[-37.459,118.313,0],"ix":1},"s":{"a":1,"k":[{"i":{"x":[0,0,0.667],"y":[1,1,1]},"o":{"x":[0.167,0.167,0.167],"y":[0.167,0.167,0]},"n":["0_1_0p167_0p167","0_1_0p167_0p167","0p667_1_0p167_0"],"t":35,"s":[0,0,100],"e":[100,100,100]},{"i":{"x":[0.833,0.833,0.833],"y":[1,1,1]},"o":{"x":[0.333,0.333,0.333],"y":[0,0,0]},"n":["0p833_1_0p333_0","0p833_1_0p333_0","0p833_1_0p333_0"],"t":40,"s":[100,100,100],"e":[100,100,100]},{"i":{"x":[0.833,0.833,0.833],"y":[0.833,0.833,0.833]},"o":{"x":[0.167,0.167,0.167],"y":[0.167,0.167,0.167]},"n":["0p833_0p833_0p167_0p167","0p833_0p833_0p167_0p167","0p833_0p833_0p167_0p167"],"t":45,"s":[100,100,100],"e":[0,0,100]},{"i":{"x":[0.833,0.833,0.833],"y":[0.833,0.833,0.833]},"o":{"x":[0.167,0.167,0.167],"y":[0.167,0.167,0.167]},"n":["0p833_0p833_0p167_0p167","0p833_0p833_0p167_0p167","0p833_0p833_0p167_0p167"],"t":46,"s":[0,0,100],"e":[0,0,100]},{"i":{"x":[0,0,0.667],"y":[1,1,1]},"o":{"x":[0.167,0.167,0.167],"y":[0.167,0.167,0]},"n":["0_1_0p167_0p167","0_1_0p167_0p167","0p667_1_0p167_0"],"t":55,"s":[0,0,100],"e":[100,100,100]},{"i":{"x":[0.833,0.833,0.833],"y":[1,1,1]},"o":{"x":[0.333,0.333,0.333],"y":[0,0,0]},"n":["0p833_1_0p333_0","0p833_1_0p333_0","0p833_1_0p333_0"],"t":60,"s":[100,100,100],"e":[100,100,100]},{"i":{"x":[0.833,0.833,0.833],"y":[0.833,0.833,0.833]},"o":{"x":[0.167,0.167,0.167],"y":[0.167,0.167,0.167]},"n":["0p833_0p833_0p167_0p167","0p833_0p833_0p167_0p167","0p833_0p833_0p167_0p167"],"t":65,"s":[100,100,100],"e":[0,0,100]},{"t":66}],"ix":6}},"ao":0,"shapes":[{"ty":"gr","it":[{"ind":0,"ty":"sh","ix":1,"ks":{"a":0,"k":{"i":[[0.029,0.484],[0,0],[0.484,-0.029],[0,0],[-0.029,-0.484],[0,0],[-0.484,0.029],[0,0]],"o":[[0,0],[-0.029,-0.484],[0,0],[-0.484,0.029],[0,0],[0.029,0.484],[0,0],[0.484,-0.029]],"v":[[-44.766,116.159],[-44.766,116.159],[-45.696,115.336],[-47.224,115.429],[-48.047,116.359],[-48.047,116.359],[-47.118,117.182],[-45.589,117.089]],"c":true},"ix":2},"nm":"Path 1","mn":"ADBE Vector Shape - Group","hd":false},{"ty":"fl","c":{"a":0,"k":[1,1,1,1],"ix":4},"o":{"a":0,"k":100,"ix":5},"r":1,"nm":"Fill 1","mn":"ADBE Vector Graphic - Fill","hd":false},{"ty":"tr","p":{"a":0,"k":[0,0],"ix":2},"a":{"a":0,"k":[0,0],"ix":1},"s":{"a":0,"k":[100,100],"ix":3},"r":{"a":0,"k":0,"ix":6},"o":{"a":0,"k":100,"ix":7},"sk":{"a":0,"k":0,"ix":4},"sa":{"a":0,"k":0,"ix":5},"nm":"Transform"}],"nm":"null","np":2,"cix":2,"ix":1,"mn":"ADBE Vector Group","hd":false},{"ty":"gr","it":[{"ind":0,"ty":"sh","ix":1,"ks":{"a":0,"k":{"i":[[0.484,-0.029],[0,0],[0.029,0.484],[0,0],[-0.484,0.029],[0,0],[-0.029,-0.484],[0,0]],"o":[[0,0],[-0.484,0.029],[0,0],[-0.029,-0.484],[0,0],[0.484,-0.029],[0,0],[0.029,0.484]],"v":[[-39.693,110.428],[-39.693,110.428],[-40.622,109.605],[-40.728,107.874],[-39.905,106.944],[-39.905,106.944],[-38.975,107.767],[-38.87,109.498]],"c":true},"ix":2},"nm":"Path 1","mn":"ADBE Vector Shape - Group","hd":false},{"ty":"fl","c":{"a":0,"k":[1,1,1,1],"ix":4},"o":{"a":0,"k":100,"ix":5},"r":1,"nm":"Fill 1","mn":"ADBE Vector Graphic - Fill","hd":false},{"ty":"tr","p":{"a":0,"k":[0,0],"ix":2},"a":{"a":0,"k":[0,0],"ix":1},"s":{"a":0,"k":[100,100],"ix":3},"r":{"a":0,"k":0,"ix":6},"o":{"a":0,"k":100,"ix":7},"sk":{"a":0,"k":0,"ix":4},"sa":{"a":0,"k":0,"ix":5},"nm":"Transform"}],"nm":"null","np":2,"cix":2,"ix":2,"mn":"ADBE Vector Group","hd":false},{"ty":"gr","it":[{"ind":0,"ty":"sh","ix":1,"ks":{"a":0,"k":{"i":[[0.321,-0.363],[0,0],[0.363,0.321],[0,0],[-0.321,0.363],[0,0],[-0.363,-0.321],[0,0]],"o":[[0,0],[-0.321,0.363],[0,0],[-0.363,-0.321],[0,0],[0.321,-0.363],[0,0],[0.363,0.321]],"v":[[-42.624,112.944],[-42.624,112.944],[-43.863,113.02],[-45.483,111.586],[-45.558,110.347],[-45.558,110.347],[-44.319,110.271],[-42.699,111.705]],"c":true},"ix":2},"nm":"Path 1","mn":"ADBE Vector Shape - Group","hd":false},{"ty":"fl","c":{"a":0,"k":[1,1,1,1],"ix":4},"o":{"a":0,"k":100,"ix":5},"r":1,"nm":"Fill 1","mn":"ADBE Vector Graphic - Fill","hd":false},{"ty":"tr","p":{"a":0,"k":[0,0],"ix":2},"a":{"a":0,"k":[0,0],"ix":1},"s":{"a":0,"k":[100,100],"ix":3},"r":{"a":0,"k":0,"ix":6},"o":{"a":0,"k":100,"ix":7},"sk":{"a":0,"k":0,"ix":4},"sa":{"a":0,"k":0,"ix":5},"nm":"Transform"}],"nm":"null","np":2,"cix":2,"ix":3,"mn":"ADBE Vector Group","hd":false}],"ip":0,"op":135,"st":0,"bm":0},{"ddd":0,"ind":2,"ty":4,"nm":"popcorn","parent":9,"sr":1,"ks":{"o":{"a":0,"k":100,"ix":11},"r":{"a":1,"k":[{"i":{"x":[0],"y":[1]},"o":{"x":[0.167],"y":[0.167]},"n":["0_1_0p167_0p167"],"t":10,"s":[0],"e":[-20]},{"i":{"x":[0.833],"y":[0.833]},"o":{"x":[0.8],"y":[0]},"n":["0p833_0p833_0p8_0"],"t":15,"s":[-20],"e":[0]},{"t":35}],"ix":10},"p":{"a":1,"k":[{"i":{"x":0,"y":1},"o":{"x":0.167,"y":0.167},"n":"0_1_0p167_0p167","t":10,"s":[21.366,136.409,0],"e":[21.017,121.421,0],"to":[-0.05813039466739,-2.49796986579895,0],"ti":[0,0,0]},{"i":{"x":0.833,"y":0.833},"o":{"x":0.8,"y":0},"n":"0p833_0p833_0p8_0","t":20,"s":[21.017,121.421,0],"e":[21.366,136.409,0],"to":[0,0,0],"ti":[-0.05813039466739,-2.49796986579895,0]},{"t":35}],"ix":2},"a":{"a":0,"k":[21.366,138.136,0],"ix":1},"s":{"a":0,"k":[100,100,100],"ix":6}},"ao":0,"shapes":[{"ty":"gr","it":[{"ind":0,"ty":"sh","ix":1,"ks":{"a":0,"k":{"i":[[0.908,0.057],[0,0],[-0.057,0.908],[0,0],[-0.908,-0.057],[0,0],[0.057,-0.908],[0,0]],"o":[[0,0],[-0.908,-0.057],[0,0],[0.057,-0.908],[0,0],[0.908,0.057],[0,0],[-0.057,0.908]],"v":[[30.724,135.384],[11.8,134.201],[10.258,132.454],[10.259,132.428],[12.007,130.887],[30.932,132.07],[32.473,133.817],[32.472,133.843]],"c":true},"ix":2},"nm":"Path 1","mn":"ADBE Vector Shape - Group","hd":false},{"ty":"fl","c":{"a":0,"k":[1,1,1,1],"ix":4},"o":{"a":0,"k":100,"ix":5},"r":1,"nm":"Fill 1","mn":"ADBE Vector Graphic - Fill","hd":false},{"ty":"tr","p":{"a":0,"k":[0,0],"ix":2},"a":{"a":0,"k":[0,0],"ix":1},"s":{"a":0,"k":[100,100],"ix":3},"r":{"a":0,"k":0,"ix":6},"o":{"a":0,"k":100,"ix":7},"sk":{"a":0,"k":0,"ix":4},"sa":{"a":0,"k":0,"ix":5},"nm":"Transform"}],"nm":"Group 1","np":2,"cix":2,"ix":1,"mn":"ADBE Vector Group","hd":false},{"ty":"gr","it":[{"ind":0,"ty":"sh","ix":1,"ks":{"a":0,"k":{"i":[[0,0],[0,0],[0,0],[0,0]],"o":[[0,0],[0,0],[0,0],[0,0]],"v":[[26.318,152.178],[22.212,151.922],[23.467,131.854],[27.572,132.111]],"c":true},"ix":2},"nm":"Path 1","mn":"ADBE Vector Shape - Group","hd":false},{"ty":"fl","c":{"a":0,"k":[1,0.654901981354,0.149019613862,1],"ix":4},"o":{"a":0,"k":100,"ix":5},"r":1,"nm":"Fill 1","mn":"ADBE Vector Graphic - Fill","hd":false},{"ty":"tr","p":{"a":0,"k":[0,0],"ix":2},"a":{"a":0,"k":[0,0],"ix":1},"s":{"a":0,"k":[100,100],"ix":3},"r":{"a":0,"k":0,"ix":6},"o":{"a":0,"k":100,"ix":7},"sk":{"a":0,"k":0,"ix":4},"sa":{"a":0,"k":0,"ix":5},"nm":"Transform"}],"nm":"Group 2","np":2,"cix":2,"ix":2,"mn":"ADBE Vector Group","hd":false},{"ty":"gr","it":[{"ind":0,"ty":"sh","ix":1,"ks":{"a":0,"k":{"i":[[0,0],[0,0],[0,0],[0,0]],"o":[[0,0],[0,0],[0,0],[0,0]],"v":[[18.106,151.665],[14,151.408],[15.255,131.341],[19.361,131.597]],"c":true},"ix":2},"nm":"Path 1","mn":"ADBE Vector Shape - Group","hd":false},{"ty":"fl","c":{"a":0,"k":[1,0.654901981354,0.149019613862,1],"ix":4},"o":{"a":0,"k":100,"ix":5},"r":1,"nm":"Fill 1","mn":"ADBE Vector Graphic - Fill","hd":false},{"ty":"tr","p":{"a":0,"k":[0,0],"ix":2},"a":{"a":0,"k":[0,0],"ix":1},"s":{"a":0,"k":[100,100],"ix":3},"r":{"a":0,"k":0,"ix":6},"o":{"a":0,"k":100,"ix":7},"sk":{"a":0,"k":0,"ix":4},"sa":{"a":0,"k":0,"ix":5},"nm":"Transform"}],"nm":"Group 3","np":2,"cix":2,"ix":3,"mn":"ADBE Vector Group","hd":false},{"ty":"gr","it":[{"ind":0,"ty":"sh","ix":1,"ks":{"a":0,"k":{"i":[[0,0],[0,0],[0,0],[0,0],[0,0],[0,0],[0,0],[-1.402,-0.233],[0,0],[0,0],[0,0],[0,0],[0,0],[-0.569,0.68],[-0.004,0.004],[-0.085,0.151],[-0.026,0.054],[-0.038,0.116],[-0.024,0.188],[0,0]],"o":[[0,0],[0,0],[0,0],[0,0],[0,0],[0,0],[0.005,1.413],[0,0],[0,0],[0,0],[0,0],[0,0],[0.945,0.058],[0.004,-0.004],[0.109,-0.132],[0.029,-0.052],[0.052,-0.108],[0.058,-0.174],[0,0],[0,0]],"v":[[27.568,132.11],[23.467,131.854],[19.361,131.597],[16.345,131.409],[16.352,131.34],[11.144,131.084],[11.295,148.542],[14.003,151.359],[14,151.408],[18.106,151.665],[22.212,151.922],[26.318,152.178],[26.318,152.178],[28.704,151.149],[28.714,151.135],[29.007,150.71],[29.08,150.545],[29.226,150.215],[29.35,149.671],[31.674,132.367]],"c":true},"ix":2},"nm":"Path 1","mn":"ADBE Vector Shape - Group","hd":false},{"ty":"fl","c":{"a":0,"k":[0.996078431606,0.552941203117,0.176470592618,1],"ix":4},"o":{"a":0,"k":100,"ix":5},"r":1,"nm":"Fill 1","mn":"ADBE Vector Graphic - Fill","hd":false},{"ty":"tr","p":{"a":0,"k":[0,0],"ix":2},"a":{"a":0,"k":[0,0],"ix":1},"s":{"a":0,"k":[100,100],"ix":3},"r":{"a":0,"k":0,"ix":6},"o":{"a":0,"k":100,"ix":7},"sk":{"a":0,"k":0,"ix":4},"sa":{"a":0,"k":0,"ix":5},"nm":"Transform"}],"nm":"Group 4","np":2,"cix":2,"ix":4,"mn":"ADBE Vector Group","hd":false},{"ty":"gr","it":[{"ty":"gr","it":[{"ind":0,"ty":"sh","ix":1,"ks":{"a":0,"k":{"i":[[1.147,0.278],[0,0],[-0.278,1.147],[0,0],[-1.147,-0.278],[0,0],[0.278,-1.147],[0,0]],"o":[[0,0],[-1.147,-0.278],[0,0],[0.278,-1.147],[0,0],[1.147,0.278],[0,0],[-0.278,1.147]],"v":[[26.156,133.835],[26.156,133.835],[24.582,131.255],[24.582,131.255],[27.161,129.681],[27.161,129.681],[28.736,132.261],[28.736,132.261]],"c":true},"ix":2},"nm":"Path 1","mn":"ADBE Vector Shape - Group","hd":false},{"ty":"fl","c":{"a":0,"k":[1,0.835294127464,0.309803932905,1],"ix":4},"o":{"a":0,"k":100,"ix":5},"r":1,"nm":"Fill 1","mn":"ADBE Vector Graphic - Fill","hd":false},{"ty":"tr","p":{"a":0,"k":[0,0],"ix":2},"a":{"a":0,"k":[0,0],"ix":1},"s":{"a":0,"k":[100,100],"ix":3},"r":{"a":0,"k":0,"ix":6},"o":{"a":0,"k":100,"ix":7},"sk":{"a":0,"k":0,"ix":4},"sa":{"a":0,"k":0,"ix":5},"nm":"Transform"}],"nm":"Group 1","np":2,"cix":2,"ix":1,"mn":"ADBE Vector Group","hd":false},{"ty":"gr","it":[{"ind":0,"ty":"sh","ix":1,"ks":{"a":0,"k":{"i":[[1.147,0.278],[0,0],[-0.278,1.147],[0,0],[-1.147,-0.278],[0,0],[0.278,-1.147],[0,0]],"o":[[0,0],[-1.147,-0.278],[0,0],[0.278,-1.147],[0,0],[1.147,0.278],[0,0],[-0.278,1.147]],"v":[[29.139,133.523],[29.139,133.523],[27.565,130.944],[27.565,130.944],[30.144,129.369],[30.144,129.369],[31.719,131.949],[31.719,131.949]],"c":true},"ix":2},"nm":"Path 1","mn":"ADBE Vector Shape - Group","hd":false},{"ty":"fl","c":{"a":0,"k":[1,0.835294127464,0.309803932905,1],"ix":4},"o":{"a":0,"k":100,"ix":5},"r":1,"nm":"Fill 1","mn":"ADBE Vector Graphic - Fill","hd":false},{"ty":"tr","p":{"a":0,"k":[0,0],"ix":2},"a":{"a":0,"k":[0,0],"ix":1},"s":{"a":0,"k":[100,100],"ix":3},"r":{"a":0,"k":0,"ix":6},"o":{"a":0,"k":100,"ix":7},"sk":{"a":0,"k":0,"ix":4},"sa":{"a":0,"k":0,"ix":5},"nm":"Transform"}],"nm":"Group 2","np":2,"cix":2,"ix":2,"mn":"ADBE Vector Group","hd":false},{"ty":"gr","it":[{"ind":0,"ty":"sh","ix":1,"ks":{"a":0,"k":{"i":[[1.147,0.278],[0,0],[-0.278,1.147],[0,0],[-1.147,-0.278],[0,0],[0.278,-1.147],[0,0]],"o":[[0,0],[-1.147,-0.278],[0,0],[0.278,-1.147],[0,0],[1.147,0.278],[0,0],[-0.278,1.147]],"v":[[23.554,132.171],[23.554,132.171],[21.98,129.592],[21.98,129.592],[24.559,128.017],[24.559,128.017],[26.134,130.597],[26.134,130.597]],"c":true},"ix":2},"nm":"Path 1","mn":"ADBE Vector Shape - Group","hd":false},{"ty":"fl","c":{"a":0,"k":[1,0.835294127464,0.309803932905,1],"ix":4},"o":{"a":0,"k":100,"ix":5},"r":1,"nm":"Fill 1","mn":"ADBE Vector Graphic - Fill","hd":false},{"ty":"tr","p":{"a":0,"k":[0,0],"ix":2},"a":{"a":0,"k":[0,0],"ix":1},"s":{"a":0,"k":[100,100],"ix":3},"r":{"a":0,"k":0,"ix":6},"o":{"a":0,"k":100,"ix":7},"sk":{"a":0,"k":0,"ix":4},"sa":{"a":0,"k":0,"ix":5},"nm":"Transform"}],"nm":"Group 3","np":2,"cix":2,"ix":3,"mn":"ADBE Vector Group","hd":false},{"ty":"gr","it":[{"ind":0,"ty":"sh","ix":1,"ks":{"a":0,"k":{"i":[[1.697,0.411],[0,0],[-0.411,1.697],[0,0],[-1.697,-0.411],[0,0],[0.411,-1.697],[0,0]],"o":[[0,0],[-1.697,-0.411],[0,0],[0.411,-1.697],[0,0],[1.697,0.411],[0,0],[-0.411,1.697]],"v":[[26.457,132.138],[26.457,132.138],[24.128,128.322],[24.128,128.322],[27.944,125.994],[27.944,125.994],[30.273,129.809],[30.273,129.809]],"c":true},"ix":2},"nm":"Path 1","mn":"ADBE Vector Shape - Group","hd":false},{"ty":"fl","c":{"a":0,"k":[1,0.835294127464,0.309803932905,1],"ix":4},"o":{"a":0,"k":100,"ix":5},"r":1,"nm":"Fill 1","mn":"ADBE Vector Graphic - Fill","hd":false},{"ty":"tr","p":{"a":0,"k":[0,0],"ix":2},"a":{"a":0,"k":[0,0],"ix":1},"s":{"a":0,"k":[100,100],"ix":3},"r":{"a":0,"k":0,"ix":6},"o":{"a":0,"k":100,"ix":7},"sk":{"a":0,"k":0,"ix":4},"sa":{"a":0,"k":0,"ix":5},"nm":"Transform"}],"nm":"Group 4","np":2,"cix":2,"ix":4,"mn":"ADBE Vector Group","hd":false},{"ty":"tr","p":{"a":0,"k":[0,0],"ix":2},"a":{"a":0,"k":[0,0],"ix":1},"s":{"a":0,"k":[100,100],"ix":3},"r":{"a":0,"k":0,"ix":6},"o":{"a":0,"k":100,"ix":7},"sk":{"a":0,"k":0,"ix":4},"sa":{"a":0,"k":0,"ix":5},"nm":"Transform"}],"nm":"Group 5","np":4,"cix":2,"ix":5,"mn":"ADBE Vector Group","hd":false},{"ty":"gr","it":[{"ty":"gr","it":[{"ind":0,"ty":"sh","ix":1,"ks":{"a":0,"k":{"i":[[1.057,-0.526],[0,0],[0.526,1.057],[0,0],[-1.057,0.526],[0,0],[-0.526,-1.057],[0,0]],"o":[[0,0],[-1.057,0.526],[0,0],[-0.526,-1.057],[0,0],[1.057,-0.526],[0,0],[0.526,1.057]],"v":[[17.304,131.572],[17.304,131.572],[14.439,130.612],[14.439,130.612],[15.399,127.746],[15.399,127.746],[18.265,128.707],[18.265,128.707]],"c":true},"ix":2},"nm":"Path 1","mn":"ADBE Vector Shape - Group","hd":false},{"ty":"fl","c":{"a":0,"k":[1,0.835294127464,0.309803932905,1],"ix":4},"o":{"a":0,"k":100,"ix":5},"r":1,"nm":"Fill 1","mn":"ADBE Vector Graphic - Fill","hd":false},{"ty":"tr","p":{"a":0,"k":[0,0],"ix":2},"a":{"a":0,"k":[0,0],"ix":1},"s":{"a":0,"k":[100,100],"ix":3},"r":{"a":0,"k":0,"ix":6},"o":{"a":0,"k":100,"ix":7},"sk":{"a":0,"k":0,"ix":4},"sa":{"a":0,"k":0,"ix":5},"nm":"Transform"}],"nm":"Group 1","np":2,"cix":2,"ix":1,"mn":"ADBE Vector Group","hd":false},{"ty":"gr","it":[{"ind":0,"ty":"sh","ix":1,"ks":{"a":0,"k":{"i":[[1.057,-0.526],[0,0],[0.526,1.057],[0,0],[-1.057,0.526],[0,0],[-0.526,-1.057],[0,0]],"o":[[0,0],[-1.057,0.526],[0,0],[-0.526,-1.057],[0,0],[1.057,-0.526],[0,0],[0.526,1.057]],"v":[[19.386,129.413],[19.386,129.413],[16.521,128.453],[16.521,128.453],[17.481,125.587],[17.481,125.587],[20.347,126.548],[20.347,126.548]],"c":true},"ix":2},"nm":"Path 1","mn":"ADBE Vector Shape - Group","hd":false},{"ty":"fl","c":{"a":0,"k":[1,0.835294127464,0.309803932905,1],"ix":4},"o":{"a":0,"k":100,"ix":5},"r":1,"nm":"Fill 1","mn":"ADBE Vector Graphic - Fill","hd":false},{"ty":"tr","p":{"a":0,"k":[0,0],"ix":2},"a":{"a":0,"k":[0,0],"ix":1},"s":{"a":0,"k":[100,100],"ix":3},"r":{"a":0,"k":0,"ix":6},"o":{"a":0,"k":100,"ix":7},"sk":{"a":0,"k":0,"ix":4},"sa":{"a":0,"k":0,"ix":5},"nm":"Transform"}],"nm":"Group 2","np":2,"cix":2,"ix":2,"mn":"ADBE Vector Group","hd":false},{"ty":"gr","it":[{"ind":0,"ty":"sh","ix":1,"ks":{"a":0,"k":{"i":[[1.057,-0.526],[0,0],[0.526,1.057],[0,0],[-1.057,0.526],[0,0],[-0.526,-1.057],[0,0]],"o":[[0,0],[-1.057,0.526],[0,0],[-0.526,-1.057],[0,0],[1.057,-0.526],[0,0],[0.526,1.057]],"v":[[14.242,131.974],[14.242,131.974],[11.376,131.014],[11.376,131.014],[12.337,128.148],[12.337,128.148],[15.203,129.109],[15.203,129.109]],"c":true},"ix":2},"nm":"Path 1","mn":"ADBE Vector Shape - Group","hd":false},{"ty":"fl","c":{"a":0,"k":[1,0.835294127464,0.309803932905,1],"ix":4},"o":{"a":0,"k":100,"ix":5},"r":1,"nm":"Fill 1","mn":"ADBE Vector Graphic - Fill","hd":false},{"ty":"tr","p":{"a":0,"k":[0,0],"ix":2},"a":{"a":0,"k":[0,0],"ix":1},"s":{"a":0,"k":[100,100],"ix":3},"r":{"a":0,"k":0,"ix":6},"o":{"a":0,"k":100,"ix":7},"sk":{"a":0,"k":0,"ix":4},"sa":{"a":0,"k":0,"ix":5},"nm":"Transform"}],"nm":"Group 3","np":2,"cix":2,"ix":3,"mn":"ADBE Vector Group","hd":false},{"ty":"gr","it":[{"ind":0,"ty":"sh","ix":1,"ks":{"a":0,"k":{"i":[[1.563,-0.778],[0,0],[0.778,1.563],[0,0],[-1.563,0.778],[0,0],[-0.778,-1.563],[0,0]],"o":[[0,0],[-1.563,0.778],[0,0],[-0.778,-1.563],[0,0],[1.563,-0.778],[0,0],[0.778,1.563]],"v":[[16.442,130.08],[16.442,130.08],[12.204,128.659],[12.204,128.659],[13.625,124.421],[13.625,124.421],[17.863,125.842],[17.863,125.842]],"c":true},"ix":2},"nm":"Path 1","mn":"ADBE Vector Shape - Group","hd":false},{"ty":"fl","c":{"a":0,"k":[1,0.835294127464,0.309803932905,1],"ix":4},"o":{"a":0,"k":100,"ix":5},"r":1,"nm":"Fill 1","mn":"ADBE Vector Graphic - Fill","hd":false},{"ty":"tr","p":{"a":0,"k":[0,0],"ix":2},"a":{"a":0,"k":[0,0],"ix":1},"s":{"a":0,"k":[100,100],"ix":3},"r":{"a":0,"k":0,"ix":6},"o":{"a":0,"k":100,"ix":7},"sk":{"a":0,"k":0,"ix":4},"sa":{"a":0,"k":0,"ix":5},"nm":"Transform"}],"nm":"Group 4","np":2,"cix":2,"ix":4,"mn":"ADBE Vector Group","hd":false},{"ty":"tr","p":{"a":0,"k":[0,0],"ix":2},"a":{"a":0,"k":[0,0],"ix":1},"s":{"a":0,"k":[100,100],"ix":3},"r":{"a":0,"k":0,"ix":6},"o":{"a":0,"k":100,"ix":7},"sk":{"a":0,"k":0,"ix":4},"sa":{"a":0,"k":0,"ix":5},"nm":"Transform"}],"nm":"Group 6","np":4,"cix":2,"ix":6,"mn":"ADBE Vector Group","hd":false},{"ty":"gr","it":[{"ty":"gr","it":[{"ind":0,"ty":"sh","ix":1,"ks":{"a":0,"k":{"i":[[1.076,-0.486],[0,0],[0.486,1.076],[0,0],[-1.076,0.486],[0,0],[-0.486,-1.076],[0,0]],"o":[[0,0],[-1.076,0.486],[0,0],[-0.486,-1.076],[0,0],[1.076,-0.486],[0,0],[0.486,1.076]],"v":[[23.883,131.812],[23.883,131.812],[21.057,130.744],[21.057,130.744],[22.125,127.917],[22.125,127.917],[24.952,128.985],[24.952,128.985]],"c":true},"ix":2},"nm":"Path 1","mn":"ADBE Vector Shape - Group","hd":false},{"ty":"fl","c":{"a":0,"k":[1,0.921568632126,0.23137255013,1],"ix":4},"o":{"a":0,"k":100,"ix":5},"r":1,"nm":"Fill 1","mn":"ADBE Vector Graphic - Fill","hd":false},{"ty":"tr","p":{"a":0,"k":[0,0],"ix":2},"a":{"a":0,"k":[0,0],"ix":1},"s":{"a":0,"k":[100,100],"ix":3},"r":{"a":0,"k":0,"ix":6},"o":{"a":0,"k":100,"ix":7},"sk":{"a":0,"k":0,"ix":4},"sa":{"a":0,"k":0,"ix":5},"nm":"Transform"}],"nm":"Group 1","np":2,"cix":2,"ix":1,"mn":"ADBE Vector Group","hd":false},{"ty":"gr","it":[{"ind":0,"ty":"sh","ix":1,"ks":{"a":0,"k":{"i":[[1.076,-0.486],[0,0],[0.486,1.076],[0,0],[-1.076,0.486],[0,0],[-0.486,-1.076],[0,0]],"o":[[0,0],[-1.076,0.486],[0,0],[-0.486,-1.076],[0,0],[1.076,-0.486],[0,0],[0.486,1.076]],"v":[[26.046,129.733],[26.046,129.733],[23.219,128.665],[23.219,128.665],[24.287,125.838],[24.287,125.838],[27.114,126.907],[27.114,126.907]],"c":true},"ix":2},"nm":"Path 1","mn":"ADBE Vector Shape - Group","hd":false},{"ty":"fl","c":{"a":0,"k":[1,0.921568632126,0.23137255013,1],"ix":4},"o":{"a":0,"k":100,"ix":5},"r":1,"nm":"Fill 1","mn":"ADBE Vector Graphic - Fill","hd":false},{"ty":"tr","p":{"a":0,"k":[0,0],"ix":2},"a":{"a":0,"k":[0,0],"ix":1},"s":{"a":0,"k":[100,100],"ix":3},"r":{"a":0,"k":0,"ix":6},"o":{"a":0,"k":100,"ix":7},"sk":{"a":0,"k":0,"ix":4},"sa":{"a":0,"k":0,"ix":5},"nm":"Transform"}],"nm":"Group 2","np":2,"cix":2,"ix":2,"mn":"ADBE Vector Group","hd":false},{"ty":"gr","it":[{"ind":0,"ty":"sh","ix":1,"ks":{"a":0,"k":{"i":[[1.076,-0.486],[0,0],[0.486,1.076],[0,0],[-1.076,0.486],[0,0],[-0.486,-1.076],[0,0]],"o":[[0,0],[-1.076,0.486],[0,0],[-0.486,-1.076],[0,0],[1.076,-0.486],[0,0],[0.486,1.076]],"v":[[20.808,132.098],[20.808,132.098],[17.981,131.029],[17.981,131.029],[19.05,128.202],[19.05,128.202],[21.877,129.271],[21.877,129.271]],"c":true},"ix":2},"nm":"Path 1","mn":"ADBE Vector Shape - Group","hd":false},{"ty":"fl","c":{"a":0,"k":[1,0.921568632126,0.23137255013,1],"ix":4},"o":{"a":0,"k":100,"ix":5},"r":1,"nm":"Fill 1","mn":"ADBE Vector Graphic - Fill","hd":false},{"ty":"tr","p":{"a":0,"k":[0,0],"ix":2},"a":{"a":0,"k":[0,0],"ix":1},"s":{"a":0,"k":[100,100],"ix":3},"r":{"a":0,"k":0,"ix":6},"o":{"a":0,"k":100,"ix":7},"sk":{"a":0,"k":0,"ix":4},"sa":{"a":0,"k":0,"ix":5},"nm":"Transform"}],"nm":"Group 3","np":2,"cix":2,"ix":3,"mn":"ADBE Vector Group","hd":false},{"ty":"gr","it":[{"ind":0,"ty":"sh","ix":1,"ks":{"a":0,"k":{"i":[[1.591,-0.718],[0,0],[0.718,1.591],[0,0],[-1.591,0.718],[0,0],[-0.718,-1.591],[0,0]],"o":[[0,0],[-1.591,0.718],[0,0],[-0.718,-1.591],[0,0],[1.591,-0.718],[0,0],[0.718,1.591]],"v":[[23.079,130.288],[23.079,130.288],[18.897,128.708],[18.897,128.708],[20.478,124.526],[20.478,124.526],[24.659,126.107],[24.659,126.107]],"c":true},"ix":2},"nm":"Path 1","mn":"ADBE Vector Shape - Group","hd":false},{"ty":"fl","c":{"a":0,"k":[1,0.921568632126,0.23137255013,1],"ix":4},"o":{"a":0,"k":100,"ix":5},"r":1,"nm":"Fill 1","mn":"ADBE Vector Graphic - Fill","hd":false},{"ty":"tr","p":{"a":0,"k":[0,0],"ix":2},"a":{"a":0,"k":[0,0],"ix":1},"s":{"a":0,"k":[100,100],"ix":3},"r":{"a":0,"k":0,"ix":6},"o":{"a":0,"k":100,"ix":7},"sk":{"a":0,"k":0,"ix":4},"sa":{"a":0,"k":0,"ix":5},"nm":"Transform"}],"nm":"Group 4","np":2,"cix":2,"ix":4,"mn":"ADBE Vector Group","hd":false},{"ty":"tr","p":{"a":0,"k":[0,0],"ix":2},"a":{"a":0,"k":[0,0],"ix":1},"s":{"a":0,"k":[100,100],"ix":3},"r":{"a":0,"k":0,"ix":6},"o":{"a":0,"k":100,"ix":7},"sk":{"a":0,"k":0,"ix":4},"sa":{"a":0,"k":0,"ix":5},"nm":"Transform"}],"nm":"Group 7","np":4,"cix":2,"ix":7,"mn":"ADBE Vector Group","hd":false}],"ip":0,"op":135,"st":0,"bm":0},{"ddd":0,"ind":3,"ty":4,"nm":"popcorn","parent":9,"sr":1,"ks":{"o":{"a":0,"k":100,"ix":11},"r":{"a":0,"k":0,"ix":10},"p":{"a":0,"k":[19.181,127.098,0],"ix":2},"a":{"a":0,"k":[19.181,128.825,0],"ix":1},"s":{"a":0,"k":[100,100,100],"ix":6}},"ao":0,"shapes":[{"ty":"gr","it":[{"ind":0,"ty":"sh","ix":1,"ks":{"a":0,"k":{"i":[[1.057,-0.526],[0,0],[0.526,1.057],[0,0],[-1.057,0.526],[0,0],[-0.526,-1.057],[0,0]],"o":[[0,0],[-1.057,0.526],[0,0],[-0.526,-1.057],[0,0],[1.057,-0.526],[0,0],[0.526,1.057]],"v":[[19.386,129.413],[19.386,129.413],[16.521,128.453],[16.521,128.453],[17.481,125.587],[17.481,125.587],[20.347,126.548],[20.347,126.548]],"c":true},"ix":2},"nm":"Path 1","mn":"ADBE Vector Shape - Group","hd":false},{"ty":"fl","c":{"a":0,"k":[1,0.92156869173,0.231372565031,1],"ix":4},"o":{"a":0,"k":100,"ix":5},"r":1,"nm":"Fill 1","mn":"ADBE Vector Graphic - Fill","hd":false},{"ty":"tr","p":{"a":1,"k":[{"i":{"x":0.833,"y":0.833},"o":{"x":0.4,"y":0},"n":"0p833_0p833_0p4_0","t":35,"s":[18.289,114.727],"e":[18.289,129.727],"to":[0,2.49999380111694],"ti":[0,-2.49999380111694]},{"t":45}],"ix":2},"a":{"a":0,"k":[18.289,129.727],"ix":1},"s":{"a":0,"k":[100,100],"ix":3},"r":{"a":1,"k":[{"i":{"x":[0.833],"y":[0.833]},"o":{"x":[0.333],"y":[0]},"n":["0p833_0p833_0p333_0"],"t":25,"s":[-90],"e":[0]},{"t":45}],"ix":6},"o":{"a":0,"k":100,"ix":7},"sk":{"a":0,"k":0,"ix":4},"sa":{"a":0,"k":0,"ix":5},"nm":"Transform"}],"nm":"Group 1","np":2,"cix":2,"ix":1,"mn":"ADBE Vector Group","hd":false},{"ty":"gr","it":[{"ind":0,"ty":"sh","ix":1,"ks":{"a":0,"k":{"i":[[1.076,-0.486],[0,0],[0.486,1.076],[0,0],[-1.076,0.486],[0,0],[-0.486,-1.076],[0,0]],"o":[[0,0],[-1.076,0.486],[0,0],[-0.486,-1.076],[0,0],[1.076,-0.486],[0,0],[0.486,1.076]],"v":[[20.808,132.098],[20.808,132.098],[17.981,131.029],[17.981,131.029],[19.05,128.202],[19.05,128.202],[21.877,129.271],[21.877,129.271]],"c":true},"ix":2},"nm":"Path 1","mn":"ADBE Vector Shape - Group","hd":false},{"ty":"fl","c":{"a":0,"k":[1,0.921568632126,0.23137255013,1],"ix":4},"o":{"a":0,"k":100,"ix":5},"r":1,"nm":"Fill 1","mn":"ADBE Vector Graphic - Fill","hd":false},{"ty":"tr","p":{"a":1,"k":[{"i":{"x":0.833,"y":0.833},"o":{"x":0.4,"y":0},"n":"0p833_0p833_0p4_0","t":30,"s":[21.843,115.305],"e":[21.843,129],"to":[0,2.28255009651184],"ti":[0,-2.28255009651184]},{"t":41}],"ix":2},"a":{"a":0,"k":[17.843,129.305],"ix":1},"s":{"a":0,"k":[100,100],"ix":3},"r":{"a":1,"k":[{"i":{"x":[0.833],"y":[0.833]},"o":{"x":[0.333],"y":[0]},"n":["0p833_0p833_0p333_0"],"t":15,"s":[-180],"e":[0]},{"t":41}],"ix":6},"o":{"a":0,"k":100,"ix":7},"sk":{"a":0,"k":0,"ix":4},"sa":{"a":0,"k":0,"ix":5},"nm":"Transform"}],"nm":"Group 2","np":2,"cix":2,"ix":2,"mn":"ADBE Vector Group","hd":false}],"ip":15,"op":46,"st":0,"bm":0},{"ddd":0,"ind":4,"ty":4,"nm":"legs","parent":8,"sr":1,"ks":{"o":{"a":0,"k":100,"ix":11},"r":{"a":0,"k":0,"ix":10},"p":{"a":0,"k":[-0.027,151.649,0],"ix":2},"a":{"a":0,"k":[-0.027,151.649,0],"ix":1},"s":{"a":0,"k":[100,100,100],"ix":6}},"ao":0,"shapes":[{"ty":"gr","it":[{"ind":0,"ty":"sh","ix":1,"ks":{"a":0,"k":{"i":[[0,0],[0,0],[2.03,0.658],[-0.122,1.621],[-0.78,3.651]],"o":[[0,0],[-1.062,2.169],[-1.355,-0.664],[-0.017,-2.025],[0,0]],"v":[[14.314,149.241],[11.178,155.672],[5.662,158.012],[3.471,154.249],[5.015,144.922]],"c":true},"ix":2},"nm":"Path 1","mn":"ADBE Vector Shape - Group","hd":false},{"ty":"fl","c":{"a":0,"k":[0.819607853889,0.886274516582,0.992156863213,1],"ix":4},"o":{"a":0,"k":100,"ix":5},"r":1,"nm":"Fill 1","mn":"ADBE Vector Graphic - Fill","hd":false},{"ty":"tr","p":{"a":0,"k":[9.613,146.879],"ix":2},"a":{"a":0,"k":[9.613,146.879],"ix":1},"s":{"a":0,"k":[100,100],"ix":3},"r":{"a":1,"k":[{"i":{"x":[0.2],"y":[1]},"o":{"x":[0.4],"y":[0]},"n":["0p2_1_0p4_0"],"t":55,"s":[0],"e":[10]},{"i":{"x":[0.2],"y":[1]},"o":{"x":[0.4],"y":[0]},"n":["0p2_1_0p4_0"],"t":60,"s":[10],"e":[0]},{"i":{"x":[0.2],"y":[1]},"o":{"x":[0.4],"y":[0]},"n":["0p2_1_0p4_0"],"t":65,"s":[0],"e":[10]},{"i":{"x":[0.2],"y":[1]},"o":{"x":[0.4],"y":[0]},"n":["0p2_1_0p4_0"],"t":70,"s":[10],"e":[0]},{"i":{"x":[0.2],"y":[1]},"o":{"x":[0.4],"y":[0]},"n":["0p2_1_0p4_0"],"t":75,"s":[0],"e":[10]},{"i":{"x":[0.2],"y":[1]},"o":{"x":[0.4],"y":[0]},"n":["0p2_1_0p4_0"],"t":80,"s":[10],"e":[0]},{"t":85}],"ix":6},"o":{"a":0,"k":100,"ix":7},"sk":{"a":0,"k":0,"ix":4},"sa":{"a":0,"k":0,"ix":5},"nm":"Transform"}],"nm":"Group 1","np":2,"cix":2,"ix":1,"mn":"ADBE Vector Group","hd":false},{"ty":"gr","it":[{"ind":0,"ty":"sh","ix":1,"ks":{"a":0,"k":{"i":[[0,0],[0,0],[1.989,-0.776],[0.932,1.332],[1.707,3.321]],"o":[[0,0],[0.55,2.351],[-1.47,0.344],[-1.295,-1.557],[0,0]],"v":[[-3.825,147.312],[-2.5,152.973],[-5.288,158.276],[-9.366,156.75],[-14.368,147.3]],"c":true},"ix":2},"nm":"Path 1","mn":"ADBE Vector Shape - Group","hd":false},{"ty":"fl","c":{"a":0,"k":[0.819607853889,0.886274516582,0.992156863213,1],"ix":4},"o":{"a":0,"k":100,"ix":5},"r":1,"nm":"Fill 1","mn":"ADBE Vector Graphic - Fill","hd":false},{"ty":"tr","p":{"a":0,"k":[-8.714,146.229],"ix":2},"a":{"a":0,"k":[-8.714,146.229],"ix":1},"s":{"a":0,"k":[100,100],"ix":3},"r":{"a":1,"k":[{"i":{"x":[0.2],"y":[1]},"o":{"x":[0.4],"y":[0]},"n":["0p2_1_0p4_0"],"t":55,"s":[0],"e":[-10]},{"i":{"x":[0.2],"y":[1]},"o":{"x":[0.4],"y":[0]},"n":["0p2_1_0p4_0"],"t":60,"s":[-10],"e":[0]},{"i":{"x":[0.2],"y":[1]},"o":{"x":[0.4],"y":[0]},"n":["0p2_1_0p4_0"],"t":65,"s":[0],"e":[-10]},{"i":{"x":[0.2],"y":[1]},"o":{"x":[0.4],"y":[0]},"n":["0p2_1_0p4_0"],"t":70,"s":[-10],"e":[0]},{"i":{"x":[0.2],"y":[1]},"o":{"x":[0.4],"y":[0]},"n":["0p2_1_0p4_0"],"t":75,"s":[0],"e":[-10]},{"i":{"x":[0.2],"y":[1]},"o":{"x":[0.4],"y":[0]},"n":["0p2_1_0p4_0"],"t":80,"s":[-10],"e":[0]},{"t":85}],"ix":6},"o":{"a":0,"k":100,"ix":7},"sk":{"a":0,"k":0,"ix":4},"sa":{"a":0,"k":0,"ix":5},"nm":"Transform"}],"nm":"Group 2","np":2,"cix":2,"ix":2,"mn":"ADBE Vector Group","hd":false}],"ip":0,"op":135,"st":0,"bm":0},{"ddd":0,"ind":5,"ty":4,"nm":"arms","parent":8,"sr":1,"ks":{"o":{"a":0,"k":100,"ix":11},"r":{"a":0,"k":0,"ix":10},"p":{"a":0,"k":[3.663,127.285,0],"ix":2},"a":{"a":0,"k":[3.663,127.285,0],"ix":1},"s":{"a":0,"k":[100,100,100],"ix":6}},"ao":0,"shapes":[{"ty":"gr","it":[{"ty":"gr","it":[{"ind":0,"ty":"sh","ix":1,"ks":{"a":0,"k":{"i":[[-5.652,3.616],[9.043,3.942],[0,0]],"o":[[0,0],[0,0],[0,0]],"v":[[-13.733,137.915],[-26.965,135.385],[-26.965,135.385]],"c":true},"ix":2},"nm":"Path 1","mn":"ADBE Vector Shape - Group","hd":false},{"ty":"fl","c":{"a":0,"k":[0.701960802078,0.780392169952,0.886274516582,1],"ix":4},"o":{"a":0,"k":100,"ix":5},"r":1,"nm":"Fill 1","mn":"ADBE Vector Graphic - Fill","hd":false},{"ty":"tr","p":{"a":0,"k":[0,0],"ix":2},"a":{"a":0,"k":[0,0],"ix":1},"s":{"a":0,"k":[100,100],"ix":3},"r":{"a":0,"k":0,"ix":6},"o":{"a":0,"k":100,"ix":7},"sk":{"a":0,"k":0,"ix":4},"sa":{"a":0,"k":0,"ix":5},"nm":"Transform"}],"nm":"Group 1","np":2,"cix":2,"ix":1,"mn":"ADBE Vector Group","hd":false},{"ty":"gr","it":[{"ind":0,"ty":"sh","ix":1,"ks":{"a":0,"k":{"i":[[0,0],[-3.411,-2.963],[0.44,-1.515],[2.317,0.509],[0,0],[0,0]],"o":[[0,0],[1.339,1.046],[-0.661,2.273],[0,0],[0,0],[0,0]],"v":[[-26.889,123.247],[-13.247,131.155],[-11.88,135.496],[-17.052,138.594],[-21.297,138.22],[-26.965,135.385]],"c":true},"ix":2},"nm":"Path 1","mn":"ADBE Vector Shape - Group","hd":false},{"ty":"fl","c":{"a":0,"k":[0.819607853889,0.886274516582,0.992156863213,1],"ix":4},"o":{"a":0,"k":100,"ix":5},"r":1,"nm":"Fill 1","mn":"ADBE Vector Graphic - Fill","hd":false},{"ty":"tr","p":{"a":0,"k":[0,0],"ix":2},"a":{"a":0,"k":[0,0],"ix":1},"s":{"a":0,"k":[100,100],"ix":3},"r":{"a":0,"k":0,"ix":6},"o":{"a":0,"k":100,"ix":7},"sk":{"a":0,"k":0,"ix":4},"sa":{"a":0,"k":0,"ix":5},"nm":"Transform"}],"nm":"Group 2","np":2,"cix":2,"ix":2,"mn":"ADBE Vector Group","hd":false},{"ty":"tr","p":{"a":0,"k":[0,0],"ix":2},"a":{"a":0,"k":[0,0],"ix":1},"s":{"a":0,"k":[100,100],"ix":3},"r":{"a":0,"k":0,"ix":6},"o":{"a":0,"k":100,"ix":7},"sk":{"a":0,"k":0,"ix":4},"sa":{"a":0,"k":0,"ix":5},"nm":"Transform"}],"nm":"Group 1","np":2,"cix":2,"ix":1,"mn":"ADBE Vector Group","hd":false},{"ty":"gr","it":[{"ind":0,"ty":"sh","ix":1,"ks":{"a":0,"k":{"i":[[0,0],[-2.296,-0.535],[-1.077,1.217],[2.028,1.346],[0,0]],"o":[[3.378,1.343],[1.891,0.401],[1.346,-2.028],[0,0],[0,0]],"v":[[12.789,122.553],[28.877,130.241],[33.463,128.612],[32.506,122.674],[23.73,115.516]],"c":true},"ix":2},"nm":"Path 1","mn":"ADBE Vector Shape - Group","hd":false},{"ty":"fl","c":{"a":0,"k":[0.819607853889,0.886274516582,0.992156863213,1],"ix":4},"o":{"a":0,"k":100,"ix":5},"r":1,"nm":"Fill 1","mn":"ADBE Vector Graphic - Fill","hd":false},{"ty":"tr","p":{"a":0,"k":[12.375,122.51],"ix":2},"a":{"a":0,"k":[12.375,122.51],"ix":1},"s":{"a":0,"k":[100,100],"ix":3},"r":{"a":1,"k":[{"i":{"x":[0.2],"y":[1]},"o":{"x":[0.4],"y":[0]},"n":["0p2_1_0p4_0"],"t":48,"s":[0],"e":[-10]},{"i":{"x":[0.2],"y":[1]},"o":{"x":[0.4],"y":[0]},"n":["0p2_1_0p4_0"],"t":56,"s":[-10],"e":[0]},{"i":{"x":[0.2],"y":[1]},"o":{"x":[0.4],"y":[0]},"n":["0p2_1_0p4_0"],"t":64,"s":[0],"e":[-10]},{"i":{"x":[0.2],"y":[1]},"o":{"x":[0.4],"y":[0]},"n":["0p2_1_0p4_0"],"t":72,"s":[-10],"e":[0]},{"t":80}],"ix":6},"o":{"a":0,"k":100,"ix":7},"sk":{"a":0,"k":0,"ix":4},"sa":{"a":0,"k":0,"ix":5},"nm":"Transform"}],"nm":"Group 2","np":2,"cix":2,"ix":2,"mn":"ADBE Vector Group","hd":false}],"ip":0,"op":135,"st":0,"bm":0},{"ddd":0,"ind":6,"ty":4,"nm":"phone","parent":7,"sr":1,"ks":{"o":{"a":0,"k":100,"ix":11},"r":{"a":0,"k":0,"ix":10},"p":{"a":0,"k":[-0.415,117.692,0],"ix":2},"a":{"a":0,"k":[-0.482,117.692,0],"ix":1},"s":{"a":0,"k":[100,100,100],"ix":6}},"ao":0,"shapes":[{"ty":"gr","it":[{"ind":0,"ty":"sh","ix":1,"ks":{"a":0,"k":{"i":[[0.649,0.185],[0.185,-0.649],[-0.649,-0.185],[-0.185,0.649]],"o":[[-0.649,-0.185],[-0.185,0.649],[0.649,0.185],[0.185,-0.649]],"v":[[5.373,137.586],[3.864,138.426],[4.705,139.935],[6.213,139.095]],"c":true},"ix":2},"nm":"Path 1","mn":"ADBE Vector Shape - Group","hd":false},{"ty":"fl","c":{"a":0,"k":[0.701960802078,0.780392169952,0.886274516582,1],"ix":4},"o":{"a":0,"k":100,"ix":5},"r":1,"nm":"Fill 1","mn":"ADBE Vector Graphic - Fill","hd":false},{"ty":"tr","p":{"a":0,"k":[0,0],"ix":2},"a":{"a":0,"k":[0,0],"ix":1},"s":{"a":0,"k":[100,100],"ix":3},"r":{"a":0,"k":0,"ix":6},"o":{"a":0,"k":100,"ix":7},"sk":{"a":0,"k":0,"ix":4},"sa":{"a":0,"k":0,"ix":5},"nm":"Transform"}],"nm":"Group 1","np":2,"cix":2,"ix":1,"mn":"ADBE Vector Group","hd":false},{"ty":"gr","it":[{"ind":0,"ty":"sh","ix":1,"ks":{"a":0,"k":{"i":[[0.008,-1.149],[0,0],[-1.149,-0.008],[0,0],[-0.008,1.149],[0,0],[1.149,0.008],[0,0]],"o":[[0,0],[-0.008,1.149],[0,0],[1.149,0.008],[0,0],[0.008,-1.149],[0,0],[-1.149,-0.008]],"v":[[-14.469,131.2],[-14.524,139.282],[-12.457,141.377],[5.986,141.503],[8.08,139.436],[8.135,131.353],[6.069,129.259],[-12.374,129.133]],"c":true},"ix":2},"nm":"Path 1","mn":"ADBE Vector Shape - Group","hd":false},{"ty":"fl","c":{"a":0,"k":[1,1,1,1],"ix":4},"o":{"a":0,"k":100,"ix":5},"r":1,"nm":"Fill 1","mn":"ADBE Vector Graphic - Fill","hd":false},{"ty":"tr","p":{"a":0,"k":[0,0],"ix":2},"a":{"a":0,"k":[0,0],"ix":1},"s":{"a":0,"k":[100,100],"ix":3},"r":{"a":0,"k":0,"ix":6},"o":{"a":0,"k":100,"ix":7},"sk":{"a":0,"k":0,"ix":4},"sa":{"a":0,"k":0,"ix":5},"nm":"Transform"}],"nm":"Group 2","np":2,"cix":2,"ix":2,"mn":"ADBE Vector Group","hd":false},{"ty":"gr","it":[{"ind":0,"ty":"sh","ix":1,"ks":{"a":0,"k":{"i":[[0,0],[0,0.665],[0,0],[-0.665,0],[0,0],[0,-0.665],[0,0],[0.665,0]],"o":[[-0.665,0],[0,0],[0,-0.665],[0,0],[0.665,0],[0,0],[0,0.665],[0,0]],"v":[[-13.742,142.567],[-14.951,141.359],[-14.951,141.359],[-13.742,140.151],[8.008,140.151],[9.216,141.359],[9.216,141.359],[8.008,142.567]],"c":false},"ix":2},"nm":"Path 1","mn":"ADBE Vector Shape - Group","hd":false},{"ty":"fl","c":{"a":0,"k":[0.701960802078,0.780392169952,0.886274516582,1],"ix":4},"o":{"a":0,"k":100,"ix":5},"r":1,"nm":"Fill 1","mn":"ADBE Vector Graphic - Fill","hd":false},{"ty":"tr","p":{"a":0,"k":[0,0],"ix":2},"a":{"a":0,"k":[0,0],"ix":1},"s":{"a":0,"k":[100,100],"ix":3},"r":{"a":0,"k":0,"ix":6},"o":{"a":0,"k":100,"ix":7},"sk":{"a":0,"k":0,"ix":4},"sa":{"a":0,"k":0,"ix":5},"nm":"Transform"}],"nm":"Group 3","np":2,"cix":2,"ix":3,"mn":"ADBE Vector Group","hd":false},{"ty":"gr","it":[{"ind":0,"ty":"sh","ix":1,"ks":{"a":0,"k":{"i":[[-0.003,0.388],[0,0],[1.032,0.007],[0,0],[0.007,-1.034],[0,0],[-0.397,0.004],[-3.353,0.034]],"o":[[0,0],[0.007,-1.032],[0,0],[-1.034,-0.007],[0,0],[-0.003,0.397],[3.402,-0.033],[0.388,-0.004]],"v":[[8.114,134.403],[8.151,129.033],[6.296,127.152],[-12.564,127.024],[-14.45,128.884],[-14.489,134.599],[-13.773,135.315],[7.412,135.109]],"c":true},"ix":2},"nm":"Path 1","mn":"ADBE Vector Shape - Group","hd":false},{"ty":"fl","c":{"a":0,"k":[0.701960802078,0.780392169952,0.886274516582,1],"ix":4},"o":{"a":0,"k":100,"ix":5},"r":1,"nm":"Fill 1","mn":"ADBE Vector Graphic - Fill","hd":false},{"ty":"tr","p":{"a":0,"k":[0,0],"ix":2},"a":{"a":0,"k":[0,0],"ix":1},"s":{"a":0,"k":[100,100],"ix":3},"r":{"a":0,"k":0,"ix":6},"o":{"a":0,"k":100,"ix":7},"sk":{"a":0,"k":0,"ix":4},"sa":{"a":0,"k":0,"ix":5},"nm":"Transform"}],"nm":"Group 4","np":2,"cix":2,"ix":4,"mn":"ADBE Vector Group","hd":false},{"ty":"gr","it":[{"ind":0,"ty":"sh","ix":1,"ks":{"a":0,"k":{"i":[[-1.247,1.928],[0,0],[13.122,0.02],[0,0],[0,0],[-3.535,0.093]],"o":[[0,0],[0,0],[-11.628,-0.017],[0,0],[0.808,2.04],[3.263,-0.086]],"v":[[6.299,135.067],[18.191,104.817],[-3.247,96.73],[-22.905,105.485],[-13.951,133.692],[-3.088,136.169]],"c":true},"ix":2},"nm":"Path 1","mn":"ADBE Vector Shape - Group","hd":false},{"ty":"fl","c":{"a":0,"k":[1,1,1,1],"ix":4},"o":{"a":1,"k":[{"i":{"x":[0.667],"y":[1]},"o":{"x":[0.167],"y":[0.167]},"n":["0p667_1_0p167_0p167"],"t":30,"s":[0],"e":[16]},{"i":{"x":[0.667],"y":[1]},"o":{"x":[0.333],"y":[0]},"n":["0p667_1_0p333_0"],"t":40,"s":[16],"e":[11]},{"i":{"x":[0.833],"y":[1]},"o":{"x":[0.333],"y":[0]},"n":["0p833_1_0p333_0"],"t":50,"s":[11],"e":[31]},{"i":{"x":[0.667],"y":[1]},"o":{"x":[0.167],"y":[0]},"n":["0p667_1_0p167_0"],"t":60,"s":[31],"e":[11]},{"i":{"x":[0.833],"y":[1]},"o":{"x":[0.167],"y":[0]},"n":["0p833_1_0p167_0"],"t":70,"s":[11],"e":[31]},{"i":{"x":[0.667],"y":[1]},"o":{"x":[0.167],"y":[0]},"n":["0p667_1_0p167_0"],"t":80,"s":[31],"e":[11]},{"i":{"x":[0.833],"y":[1]},"o":{"x":[0.167],"y":[0]},"n":["0p833_1_0p167_0"],"t":90,"s":[11],"e":[31]},{"i":{"x":[0.667],"y":[1]},"o":{"x":[0.167],"y":[0]},"n":["0p667_1_0p167_0"],"t":100,"s":[31],"e":[11]},{"t":110}],"ix":5},"r":1,"nm":"Fill 1","mn":"ADBE Vector Graphic - Fill","hd":false},{"ty":"tr","p":{"a":0,"k":[0,0],"ix":2},"a":{"a":0,"k":[0,0],"ix":1},"s":{"a":0,"k":[100,100],"ix":3},"r":{"a":0,"k":0,"ix":6},"o":{"a":0,"k":100,"ix":7},"sk":{"a":0,"k":0,"ix":4},"sa":{"a":0,"k":0,"ix":5},"nm":"Transform"}],"nm":"Group 5","np":2,"cix":2,"ix":5,"mn":"ADBE Vector Group","hd":false}],"ip":0,"op":135,"st":0,"bm":0},{"ddd":0,"ind":7,"ty":4,"nm":"face","parent":8,"sr":1,"ks":{"o":{"a":0,"k":100,"ix":11},"r":{"a":1,"k":[{"i":{"x":[0],"y":[1]},"o":{"x":[0.167],"y":[0.167]},"n":["0_1_0p167_0p167"],"t":10,"s":[0],"e":[-3]},{"i":{"x":[0.833],"y":[0.833]},"o":{"x":[0.8],"y":[0]},"n":["0p833_0p833_0p8_0"],"t":17,"s":[-3],"e":[0]},{"t":33}],"ix":10},"p":{"a":1,"k":[{"i":{"x":0.2,"y":1},"o":{"x":0.4,"y":0},"n":"0p2_1_0p4_0","t":48,"s":[-0.252,123.65,0],"e":[0.748,123.65,0],"to":[0.16667100787163,0,0],"ti":[0.16666233539581,0,0]},{"i":{"x":0.2,"y":1},"o":{"x":0.4,"y":0},"n":"0p2_1_0p4_0","t":58,"s":[0.748,123.65,0],"e":[-1.252,123.65,0],"to":[-0.16666233539581,0,0],"ti":[0,0,0]},{"i":{"x":0.2,"y":1},"o":{"x":0.4,"y":0},"n":"0p2_1_0p4_0","t":80,"s":[-1.252,123.65,0],"e":[0.748,123.65,0],"to":[0,0,0],"ti":[-0.33333334326744,0,0]},{"t":100}],"ix":2},"a":{"a":0,"k":[-0.252,123.65,0],"ix":1},"s":{"a":0,"k":[100,100,100],"ix":6}},"ao":0,"shapes":[{"ty":"gr","it":[{"ind":0,"ty":"sh","ix":1,"ks":{"a":0,"k":{"i":[[0.504,0],[0,-0.504],[3.643,-0.051],[0,0.4],[0.504,0],[0,-0.504],[-4.436,0],[-0.004,0],[0,0],[-0.101,1.815]],"o":[[-0.504,0],[0,0.4],[-3.643,-0.051],[0,-0.504],[-0.504,0],[0.101,1.815],[0.005,0],[0,0],[4.436,0],[0,-0.504]],"v":[[2.162,119.46],[1.154,120.367],[-2.792,123.891],[-6.737,120.367],[-7.745,119.46],[-8.653,120.468],[-2.805,125.711],[-2.792,125.71],[-2.778,125.711],[3.069,120.468]],"c":true},"ix":2},"nm":"Path 1","mn":"ADBE Vector Shape - Group","hd":false},{"ty":"fl","c":{"a":0,"k":[0.258823543787,0.521568655968,0.956862747669,1],"ix":4},"o":{"a":0,"k":100,"ix":5},"r":1,"nm":"Fill 1","mn":"ADBE Vector Graphic - Fill","hd":false},{"ty":"tr","p":{"a":1,"k":[{"i":{"x":0.2,"y":1},"o":{"x":0.4,"y":0},"n":"0p2_1_0p4_0","t":40,"s":[-2.604,117.425],"e":[-2.604,120.425],"to":[0,0.5],"ti":[0,-0.5]},{"t":65}],"ix":2},"a":{"a":0,"k":[-2.604,119.425],"ix":1},"s":{"a":0,"k":[100,100],"ix":3},"r":{"a":0,"k":0,"ix":6},"o":{"a":0,"k":100,"ix":7},"sk":{"a":0,"k":0,"ix":4},"sa":{"a":0,"k":0,"ix":5},"nm":"Transform"}],"nm":"mouth","np":2,"cix":2,"ix":1,"mn":"ADBE Vector Group","hd":false},{"ty":"gr","it":[{"d":1,"ty":"el","s":{"a":0,"k":[5.681,5.681],"ix":2},"p":{"a":0,"k":[0,0],"ix":3},"nm":"Ellipse Path 1","mn":"ADBE Vector Shape - Ellipse","hd":false},{"ty":"fl","c":{"a":0,"k":[0.258823543787,0.521568655968,0.956862747669,1],"ix":4},"o":{"a":0,"k":100,"ix":5},"r":1,"nm":"Fill 1","mn":"ADBE Vector Graphic - Fill","hd":false},{"ty":"tr","p":{"a":1,"k":[{"i":{"x":0.2,"y":1},"o":{"x":0.4,"y":0},"n":"0p2_1_0p4_0","t":45,"s":[3.946,112.636],"e":[3.946,115.636],"to":[0,0.5],"ti":[0,-0.5]},{"t":60}],"ix":2},"a":{"a":0,"k":[0,0],"ix":1},"s":{"a":0,"k":[100,100],"ix":3},"r":{"a":0,"k":0,"ix":6},"o":{"a":0,"k":100,"ix":7},"sk":{"a":0,"k":0,"ix":4},"sa":{"a":0,"k":0,"ix":5},"nm":"Transform"}],"nm":"eyeR","np":2,"cix":2,"ix":2,"mn":"ADBE Vector Group","hd":false},{"ty":"gr","it":[{"d":1,"ty":"el","s":{"a":0,"k":[5.681,5.681],"ix":2},"p":{"a":0,"k":[0,0],"ix":3},"nm":"Ellipse Path 1","mn":"ADBE Vector Shape - Ellipse","hd":false},{"ty":"fl","c":{"a":0,"k":[0.258823543787,0.521568655968,0.956862747669,1],"ix":4},"o":{"a":0,"k":100,"ix":5},"r":1,"nm":"Fill 1","mn":"ADBE Vector Graphic - Fill","hd":false},{"ty":"tr","p":{"a":1,"k":[{"i":{"x":0.2,"y":1},"o":{"x":0.4,"y":0},"n":"0p2_1_0p4_0","t":45,"s":[-9.941,112.636],"e":[-9.941,115.636],"to":[0,0.5],"ti":[0,-0.5]},{"t":60}],"ix":2},"a":{"a":0,"k":[0,0],"ix":1},"s":{"a":0,"k":[100,100],"ix":3},"r":{"a":0,"k":0,"ix":6},"o":{"a":0,"k":100,"ix":7},"sk":{"a":0,"k":0,"ix":4},"sa":{"a":0,"k":0,"ix":5},"nm":"Transform"}],"nm":"eye:L","np":2,"cix":2,"ix":3,"mn":"ADBE Vector Group","hd":false}],"ip":0,"op":135,"st":0,"bm":0},{"ddd":0,"ind":8,"ty":4,"nm":"body","parent":9,"sr":1,"ks":{"o":{"a":0,"k":100,"ix":11},"r":{"a":1,"k":[{"i":{"x":[0],"y":[1]},"o":{"x":[0.167],"y":[0.167]},"n":["0_1_0p167_0p167"],"t":10,"s":[0],"e":[-3]},{"i":{"x":[0.833],"y":[0.833]},"o":{"x":[0.8],"y":[0]},"n":["0p833_0p833_0p8_0"],"t":17,"s":[-3],"e":[0]},{"t":33}],"ix":10},"p":{"a":1,"k":[{"i":{"x":0,"y":1},"o":{"x":0.167,"y":0.167},"n":"0_1_0p167_0p167","t":10,"s":[-0.252,123.423,0],"e":[-0.252,118.423,0],"to":[0,-0.8333278298378,0],"ti":[0,0,0]},{"i":{"x":0.833,"y":0.833},"o":{"x":0.8,"y":0},"n":"0p833_0p833_0p8_0","t":22,"s":[-0.252,118.423,0],"e":[-0.252,123.423,0],"to":[0,0,0],"ti":[0,-0.8333278298378,0]},{"t":33}],"ix":2},"a":{"a":0,"k":[-0.252,123.65,0],"ix":1},"s":{"a":0,"k":[100,100,100],"ix":6}},"ao":0,"shapes":[{"ty":"gr","it":[{"ind":0,"ty":"sh","ix":1,"ks":{"a":1,"k":[{"i":{"x":0.2,"y":1},"o":{"x":0.4,"y":0},"n":"0p2_1_0p4_0","t":45,"s":[{"i":[[0,0],[0.158,0.631],[0,0],[-0.158,0.631],[-0.631,-0.158],[-1.894,-4.892],[0.947,-0.316]],"o":[[-0.631,0.158],[-1.42,-3.472],[-0.789,-0.158],[0.158,-0.789],[0.158,0],[0.316,0.631],[0,0]],"v":[[14.001,106.827],[12.581,106.038],[7.847,102.093],[6.743,100.673],[8.163,99.568],[14.948,105.091],[14.001,106.827]],"c":true}],"e":[{"i":[[0,0],[0.158,0.631],[0,0],[-0.158,0.631],[-0.631,-0.158],[-1.894,-4.892],[0.947,-0.316]],"o":[[-0.631,0.158],[-1.42,-3.472],[-0.789,-0.158],[0.158,-0.789],[0.158,0],[0.316,0.631],[0,0]],"v":[[14.751,108.327],[13.331,107.538],[8.597,103.593],[7.493,102.173],[8.913,101.068],[15.698,106.591],[14.751,108.327]],"c":true}]},{"i":{"x":0.2,"y":1},"o":{"x":0.4,"y":0},"n":"0p2_1_0p4_0","t":55,"s":[{"i":[[0,0],[0.158,0.631],[0,0],[-0.158,0.631],[-0.631,-0.158],[-1.894,-4.892],[0.947,-0.316]],"o":[[-0.631,0.158],[-1.42,-3.472],[-0.789,-0.158],[0.158,-0.789],[0.158,0],[0.316,0.631],[0,0]],"v":[[14.751,108.327],[13.331,107.538],[8.597,103.593],[7.493,102.173],[8.913,101.068],[15.698,106.591],[14.751,108.327]],"c":true}],"e":[{"i":[[0,0],[0.158,0.631],[0,0],[-0.158,0.631],[-0.631,-0.158],[-1.894,-4.892],[0.947,-0.316]],"o":[[-0.631,0.158],[-1.42,-3.472],[-0.789,-0.158],[0.158,-0.789],[0.158,0],[0.316,0.631],[0,0]],"v":[[13.001,108.202],[11.581,107.413],[6.847,103.468],[5.743,102.048],[7.163,100.943],[13.948,106.466],[13.001,108.202]],"c":true}]},{"i":{"x":0.2,"y":1},"o":{"x":0.4,"y":0},"n":"0p2_1_0p4_0","t":75,"s":[{"i":[[0,0],[0.158,0.631],[0,0],[-0.158,0.631],[-0.631,-0.158],[-1.894,-4.892],[0.947,-0.316]],"o":[[-0.631,0.158],[-1.42,-3.472],[-0.789,-0.158],[0.158,-0.789],[0.158,0],[0.316,0.631],[0,0]],"v":[[13.001,108.202],[11.581,107.413],[6.847,103.468],[5.743,102.048],[7.163,100.943],[13.948,106.466],[13.001,108.202]],"c":true}],"e":[{"i":[[0,0],[0.158,0.631],[0,0],[-0.158,0.631],[-0.631,-0.158],[-1.894,-4.892],[0.947,-0.316]],"o":[[-0.631,0.158],[-1.42,-3.472],[-0.789,-0.158],[0.158,-0.789],[0.158,0],[0.316,0.631],[0,0]],"v":[[14.751,108.327],[13.331,107.538],[8.597,103.593],[7.493,102.173],[8.913,101.068],[15.698,106.591],[14.751,108.327]],"c":true}]},{"t":95}],"ix":2},"nm":"Path 1","mn":"ADBE Vector Shape - Group","hd":false},{"ty":"fl","c":{"a":0,"k":[0.819607853889,0.886274516582,0.992156863213,1],"ix":4},"o":{"a":0,"k":100,"ix":5},"r":1,"nm":"Fill 1","mn":"ADBE Vector Graphic - Fill","hd":false},{"ty":"tr","p":{"a":0,"k":[0,0],"ix":2},"a":{"a":0,"k":[0,0],"ix":1},"s":{"a":0,"k":[100,100],"ix":3},"r":{"a":0,"k":0,"ix":6},"o":{"a":0,"k":100,"ix":7},"sk":{"a":0,"k":0,"ix":4},"sa":{"a":0,"k":0,"ix":5},"nm":"Transform"}],"nm":"highlight","np":2,"cix":2,"ix":1,"mn":"ADBE Vector Group","hd":false},{"ty":"gr","it":[{"ty":"gr","it":[{"ind":0,"ty":"sh","ix":1,"ks":{"a":0,"k":{"i":[[-1.021,-7.274],[-1.426,-3.564],[-5.345,-0.977],[-10.138,1.94],[-1.588,0.958],[-0.184,5.622],[3.106,6.231],[9.122,0.875],[5.158,-9.512]],"o":[[0.554,3.944],[2.028,5.07],[10.114,1.849],[1.822,-0.349],[5.301,-3.199],[0.227,-6.951],[-4.136,-8.296],[-11.418,-1.095],[-3.476,6.411]],"v":[[-28.652,129.953],[-25.604,141.326],[-14.964,149.946],[16.301,150.389],[21.545,148.616],[28.55,130.716],[24.163,110.338],[1.992,95.85],[-25.466,108.726]],"c":true},"ix":2},"nm":"Path 1","mn":"ADBE Vector Shape - Group","hd":false},{"ty":"fl","c":{"a":0,"k":[0.819607853889,0.886274516582,0.992156863213,1],"ix":4},"o":{"a":0,"k":100,"ix":5},"r":1,"nm":"Fill 1","mn":"ADBE Vector Graphic - Fill","hd":false},{"ty":"tr","p":{"a":0,"k":[-0.009,150.445],"ix":2},"a":{"a":0,"k":[-0.009,150.445],"ix":1},"s":{"a":1,"k":[{"i":{"x":[0.2,0.2],"y":[1,1]},"o":{"x":[0.4,0.4],"y":[0,0]},"n":["0p2_1_0p4_0","0p2_1_0p4_0"],"t":45,"s":[100,100],"e":[100,98]},{"i":{"x":[0.2,0.2],"y":[1,1]},"o":{"x":[0.4,0.4],"y":[0,0]},"n":["0p2_1_0p4_0","0p2_1_0p4_0"],"t":55,"s":[100,98],"e":[100,98]},{"t":95}],"ix":3},"r":{"a":1,"k":[{"i":{"x":[0.2],"y":[1]},"o":{"x":[0.4],"y":[0]},"n":["0p2_1_0p4_0"],"t":45,"s":[0],"e":[2]},{"i":{"x":[0.2],"y":[1]},"o":{"x":[0.4],"y":[0]},"n":["0p2_1_0p4_0"],"t":55,"s":[2],"e":[-2]},{"i":{"x":[0.2],"y":[1]},"o":{"x":[0.4],"y":[0]},"n":["0p2_1_0p4_0"],"t":75,"s":[-2],"e":[2]},{"t":95}],"ix":6},"o":{"a":0,"k":100,"ix":7},"sk":{"a":0,"k":0,"ix":4},"sa":{"a":0,"k":0,"ix":5},"nm":"Transform"}],"nm":"Group 2","np":2,"cix":2,"ix":1,"mn":"ADBE Vector Group","hd":false},{"ty":"tr","p":{"a":0,"k":[0,0],"ix":2},"a":{"a":0,"k":[0,0],"ix":1},"s":{"a":0,"k":[100,100],"ix":3},"r":{"a":0,"k":0,"ix":6},"o":{"a":0,"k":100,"ix":7},"sk":{"a":0,"k":0,"ix":4},"sa":{"a":0,"k":0,"ix":5},"nm":"Transform"}],"nm":"Group 4","np":1,"cix":2,"ix":2,"mn":"ADBE Vector Group","hd":false}],"ip":0,"op":135,"st":0,"bm":0},{"ddd":0,"ind":9,"ty":4,"nm":"chair","parent":10,"sr":1,"ks":{"o":{"a":0,"k":100,"ix":11},"r":{"a":1,"k":[{"i":{"x":[0],"y":[1]},"o":{"x":[0.167],"y":[0.167]},"n":["0_1_0p167_0p167"],"t":10,"s":[0],"e":[4]},{"i":{"x":[0.833],"y":[0.833]},"o":{"x":[0.8],"y":[0]},"n":["0p833_0p833_0p8_0"],"t":20,"s":[4],"e":[0]},{"t":30}],"ix":10},"p":{"a":1,"k":[{"i":{"x":0,"y":1},"o":{"x":0.167,"y":0.167},"n":"0_1_0p167_0p167","t":10,"s":[-5.832,126.973,0],"e":[-4.832,121.973,0],"to":[0.16666692495346,-0.83333331346512,0],"ti":[0,0,0]},{"i":{"x":0.833,"y":0.833},"o":{"x":0.8,"y":0},"n":"0p833_0p833_0p8_0","t":20,"s":[-4.832,121.973,0],"e":[-5.832,126.973,0],"to":[0,0,0],"ti":[0.16666692495346,-0.83333331346512,0]},{"t":30}],"ix":2},"a":{"a":0,"k":[0,129.273,0],"ix":1},"s":{"a":0,"k":[100,100,100],"ix":6}},"ao":0,"shapes":[{"ty":"gr","it":[{"ind":0,"ty":"sh","ix":1,"ks":{"a":0,"k":{"i":[[0,0],[4.508,0],[0,0],[0,4.502],[0,0],[-4.508,0],[0,0],[0,4.502],[0,0],[0,0],[0,0],[0,0]],"o":[[0,4.502],[0,0],[-4.508,0],[0,0],[0,4.502],[0,0],[4.508,0],[0,0],[0,0],[0,0],[0,0],[0,0]],"v":[[42.038,152.442],[33.876,163.584],[-33.915,163.584],[-42.077,152.442],[-42.077,158.109],[-33.915,166.261],[33.876,166.261],[42.038,158.109],[42.038,157.757],[42.077,157.757],[42.077,152.09],[42.038,152.09]],"c":true},"ix":2},"nm":"Path 1","mn":"ADBE Vector Shape - Group","hd":false},{"ty":"fl","c":{"a":0,"k":[0.0941176489,0.352941185236,0.737254917622,1],"ix":4},"o":{"a":0,"k":50,"ix":5},"r":1,"nm":"Fill 1","mn":"ADBE Vector Graphic - Fill","hd":false},{"ty":"tr","p":{"a":0,"k":[0,0],"ix":2},"a":{"a":0,"k":[0,0],"ix":1},"s":{"a":0,"k":[100,100],"ix":3},"r":{"a":0,"k":0,"ix":6},"o":{"a":0,"k":100,"ix":7},"sk":{"a":0,"k":0,"ix":4},"sa":{"a":0,"k":0,"ix":5},"nm":"Transform"}],"nm":"Group 1","np":2,"cix":2,"ix":1,"mn":"ADBE Vector Group","hd":false},{"ty":"gr","it":[{"ind":0,"ty":"sh","ix":1,"ks":{"a":0,"k":{"i":[[0,0],[4.975,1.539],[0,0],[6.696,0],[0,0],[0.484,-5.559],[0,0],[0,-5.08],[0,0],[0,0],[0,0],[-4.502,0],[0,0],[0,4.502],[0,0],[0,0]],"o":[[0,-5.481],[0,0],[-0.812,-5.323],[0,0],[-6.959,0],[0,0],[-4.416,1.835],[0,0],[0,0],[0,0],[0,4.502],[0,0],[4.502,0],[0,0],[0,0],[0,0]],"v":[[42.073,133.644],[33.483,121.99],[27.651,97.092],[14.5,87.769],[-17.925,87.769],[-31.142,97.639],[-34.448,122.378],[-41.972,133.644],[-41.972,146.181],[-41.974,146.181],[-41.974,158.141],[-33.823,166.293],[33.882,166.293],[42.034,158.141],[42.034,157.789],[42.073,157.789]],"c":true},"ix":2},"nm":"Path 1","mn":"ADBE Vector Shape - Group","hd":false},{"ty":"fl","c":{"a":0,"k":[0.258823543787,0.647058844566,0.960784316063,1],"ix":4},"o":{"a":0,"k":100,"ix":5},"r":1,"nm":"Fill 1","mn":"ADBE Vector Graphic - Fill","hd":false},{"ty":"tr","p":{"a":0,"k":[0,0],"ix":2},"a":{"a":0,"k":[0,0],"ix":1},"s":{"a":0,"k":[100,100],"ix":3},"r":{"a":0,"k":0,"ix":6},"o":{"a":0,"k":100,"ix":7},"sk":{"a":0,"k":0,"ix":4},"sa":{"a":0,"k":0,"ix":5},"nm":"Transform"}],"nm":"Group 2","np":2,"cix":2,"ix":2,"mn":"ADBE Vector Group","hd":false},{"ty":"gr","it":[{"ty":"gr","it":[{"ind":0,"ty":"sh","ix":1,"ks":{"a":0,"k":{"i":[[2.988,0],[0,0],[0,2.988],[0,0],[-2.988,0],[0,0],[0,-2.988],[0,0]],"o":[[0,0],[-2.988,0],[0,0],[0,-2.988],[0,0],[2.988,0],[0,0],[0,2.988]],"v":[[31.935,181.027],[31.935,181.027],[26.524,175.617],[26.524,162.729],[31.935,157.318],[31.935,157.318],[37.346,162.729],[37.346,175.617]],"c":true},"ix":2},"nm":"Path 1","mn":"ADBE Vector Shape - Group","hd":false},{"ty":"fl","c":{"a":0,"k":[0.0941176489,0.352941185236,0.737254917622,1],"ix":4},"o":{"a":0,"k":100,"ix":5},"r":1,"nm":"Fill 1","mn":"ADBE Vector Graphic - Fill","hd":false},{"ty":"tr","p":{"a":0,"k":[0,0],"ix":2},"a":{"a":0,"k":[0,0],"ix":1},"s":{"a":0,"k":[100,100],"ix":3},"r":{"a":0,"k":0,"ix":6},"o":{"a":0,"k":100,"ix":7},"sk":{"a":0,"k":0,"ix":4},"sa":{"a":0,"k":0,"ix":5},"nm":"Transform"}],"nm":"Group 1","np":2,"cix":2,"ix":1,"mn":"ADBE Vector Group","hd":false},{"ty":"gr","it":[{"ind":0,"ty":"sh","ix":1,"ks":{"a":0,"k":{"i":[[2.988,0],[0,0],[0,2.988],[0,0],[-2.988,0],[0,0],[0,-2.988],[0,0]],"o":[[0,0],[-2.988,0],[0,0],[0,-2.988],[0,0],[2.988,0],[0,0],[0,2.988]],"v":[[-31.837,181.027],[-31.837,181.027],[-37.247,175.617],[-37.247,162.729],[-31.837,157.318],[-31.837,157.318],[-26.426,162.729],[-26.426,175.617]],"c":true},"ix":2},"nm":"Path 1","mn":"ADBE Vector Shape - Group","hd":false},{"ty":"fl","c":{"a":0,"k":[0.0941176489,0.352941185236,0.737254917622,1],"ix":4},"o":{"a":0,"k":100,"ix":5},"r":1,"nm":"Fill 1","mn":"ADBE Vector Graphic - Fill","hd":false},{"ty":"tr","p":{"a":0,"k":[0,0],"ix":2},"a":{"a":0,"k":[0,0],"ix":1},"s":{"a":0,"k":[100,100],"ix":3},"r":{"a":0,"k":0,"ix":6},"o":{"a":0,"k":100,"ix":7},"sk":{"a":0,"k":0,"ix":4},"sa":{"a":0,"k":0,"ix":5},"nm":"Transform"}],"nm":"Group 2","np":2,"cix":2,"ix":2,"mn":"ADBE Vector Group","hd":false},{"ty":"tr","p":{"a":0,"k":[0,0],"ix":2},"a":{"a":0,"k":[0,0],"ix":1},"s":{"a":0,"k":[100,100],"ix":3},"r":{"a":0,"k":0,"ix":6},"o":{"a":0,"k":100,"ix":7},"sk":{"a":0,"k":0,"ix":4},"sa":{"a":0,"k":0,"ix":5},"nm":"Transform"}],"nm":"Group 3","np":2,"cix":2,"ix":3,"mn":"ADBE Vector Group","hd":false}],"ip":0,"op":135,"st":0,"bm":0},{"ddd":0,"ind":10,"ty":4,"nm":"shadow","sr":1,"ks":{"o":{"a":0,"k":6,"ix":11},"r":{"a":0,"k":0,"ix":10},"p":{"a":1,"k":[{"i":{"x":0,"y":1},"o":{"x":0.167,"y":0.167},"n":"0_1_0p167_0p167","t":5,"s":[126.668,574,0],"e":[132.5,414,0],"to":[0,0,0],"ti":[0,0,0]},{"i":{"x":0,"y":0},"o":{"x":0.167,"y":0.167},"n":"0_0_0p167_0p167","t":20,"s":[132.5,414,0],"e":[132.5,414,0],"to":[0,0,0],"ti":[0,0,0]},{"i":{"x":0.833,"y":0.833},"o":{"x":1,"y":0},"n":"0p833_0p833_1_0","t":95,"s":[132.5,414,0],"e":[126.668,574,0],"to":[0,0,0],"ti":[0,0,0]},{"t":134}],"ix":2},"a":{"a":0,"k":[-5.332,177.973,0],"ix":1},"s":{"a":0,"k":[100,100,100],"ix":6}},"ao":0,"shapes":[{"ty":"gr","it":[{"ind":0,"ty":"sh","ix":1,"ks":{"a":0,"k":{"i":[[-25.284,0],[0,-4.124],[25.284,0],[0,4.124]],"o":[[25.284,0],[0,4.124],[-25.284,0],[0,-4.124]],"v":[[-5.332,170.506],[40.449,177.973],[-5.332,185.44],[-51.113,177.973]],"c":true},"ix":2},"nm":"Path 1","mn":"ADBE Vector Shape - Group","hd":false},{"ty":"fl","c":{"a":0,"k":[0,0,0,1],"ix":4},"o":{"a":0,"k":100,"ix":5},"r":1,"nm":"Fill 1","mn":"ADBE Vector Graphic - Fill","hd":false},{"ty":"tr","p":{"a":0,"k":[-6.01,177.182],"ix":2},"a":{"a":0,"k":[-6.01,177.182],"ix":1},"s":{"a":1,"k":[{"i":{"x":[0.2,0.2],"y":[1,1]},"o":{"x":[0.167,0.167],"y":[0.167,0.167]},"n":["0p2_1_0p167_0p167","0p2_1_0p167_0p167"],"t":10,"s":[100,100],"e":[90,90]},{"i":{"x":[0.2,0.2],"y":[1,1]},"o":{"x":[0.4,0.4],"y":[0,0]},"n":["0p2_1_0p4_0","0p2_1_0p4_0"],"t":25,"s":[90,90],"e":[100,100]},{"t":40}],"ix":3},"r":{"a":0,"k":0,"ix":6},"o":{"a":0,"k":100,"ix":7},"sk":{"a":0,"k":0,"ix":4},"sa":{"a":0,"k":0,"ix":5},"nm":"Transform"}],"nm":"null","np":2,"cix":2,"ix":1,"mn":"ADBE Vector Group","hd":false}],"ip":0,"op":135,"st":0,"bm":0},{"ddd":0,"ind":11,"ty":4,"nm":"platform","parent":10,"sr":1,"ks":{"o":{"a":0,"k":100,"ix":11},"r":{"a":0,"k":0,"ix":10},"p":{"a":0,"k":[-5.823,197.473,0],"ix":2},"a":{"a":0,"k":[0.009,47.819,0],"ix":1},"s":{"a":0,"k":[100,100,100],"ix":6}},"ao":0,"shapes":[{"ty":"gr","it":[{"ty":"gr","it":[{"ind":0,"ty":"sh","ix":1,"ks":{"a":0,"k":{"i":[[-49.492,0],[0,-7.004],[49.492,0],[0,7.004]],"o":[[49.492,0],[0,7.004],[-49.492,0],[0,-7.004]],"v":[[-0.035,16.858],[79.578,29.54],[-0.035,42.222],[-79.648,29.54]],"c":true},"ix":2},"nm":"Path 1","mn":"ADBE Vector Shape - Group","hd":false},{"ty":"fl","c":{"a":0,"k":[0.098039217293,0.403921574354,0.823529422283,1],"ix":4},"o":{"a":0,"k":100,"ix":5},"r":1,"nm":"Fill 1","mn":"ADBE Vector Graphic - Fill","hd":false},{"ty":"tr","p":{"a":0,"k":[0,0],"ix":2},"a":{"a":0,"k":[0,0],"ix":1},"s":{"a":0,"k":[100,100],"ix":3},"r":{"a":0,"k":0,"ix":6},"o":{"a":0,"k":100,"ix":7},"sk":{"a":0,"k":0,"ix":4},"sa":{"a":0,"k":0,"ix":5},"nm":"Transform"}],"nm":"Group 1","np":2,"cix":2,"ix":1,"mn":"ADBE Vector Group","hd":false},{"ty":"tr","p":{"a":0,"k":[0,0],"ix":2},"a":{"a":0,"k":[0,0],"ix":1},"s":{"a":0,"k":[100,100],"ix":3},"r":{"a":0,"k":0,"ix":6},"o":{"a":0,"k":100,"ix":7},"sk":{"a":0,"k":0,"ix":4},"sa":{"a":0,"k":0,"ix":5},"nm":"Transform"}],"nm":"Group 1","np":1,"cix":2,"ix":1,"mn":"ADBE Vector Group","hd":false},{"ty":"gr","it":[{"ind":0,"ty":"sh","ix":1,"ks":{"a":0,"k":{"i":[[0,0],[0,-3.361],[0,0],[0,0],[0,0],[0,0],[0,0],[0,0],[0,0],[1.929,2.197]],"o":[[-2.16,2.244],[0,0],[0,0],[0,0],[0,0],[0,0],[0,0],[0,0],[0,-3.153],[0,0]],"v":[[-78.996,28.023],[-82.491,36.671],[-82.491,48.059],[-82.491,60.494],[-82.491,78.78],[82.509,78.78],[82.509,60.494],[82.509,48.059],[82.509,36.671],[79.402,28.45]],"c":true},"ix":2},"nm":"Path 1","mn":"ADBE Vector Shape - Group","hd":false},{"ty":"fl","c":{"a":0,"k":[0.0941176489,0.352941185236,0.737254917622,1],"ix":4},"o":{"a":0,"k":100,"ix":5},"r":1,"nm":"Fill 1","mn":"ADBE Vector Graphic - Fill","hd":false},{"ty":"tr","p":{"a":0,"k":[0,0],"ix":2},"a":{"a":0,"k":[0,0],"ix":1},"s":{"a":0,"k":[100,100],"ix":3},"r":{"a":0,"k":0,"ix":6},"o":{"a":0,"k":100,"ix":7},"sk":{"a":0,"k":0,"ix":4},"sa":{"a":0,"k":0,"ix":5},"nm":"Transform"}],"nm":"Group 2","np":2,"cix":2,"ix":2,"mn":"ADBE Vector Group","hd":false}],"ip":0,"op":135,"st":0,"bm":0}],"markers":[{"tm":0.00555555555556,"cm":"","dr":0}]}