{"v":"5.1.7","fr":23.9759979248047,"ip":0,"op":50.9999955857958,"w":720,"h":720,"nm":"Character - Magic","ddd":0,"assets":[],"layers":[{"ddd":0,"ind":1,"ty":4,"nm":"Layer 2/Character - Say Hi Outlines","sr":1,"ks":{"o":{"a":1,"k":[{"i":{"x":[0.667],"y":[1]},"o":{"x":[0.333],"y":[0]},"n":["0p667_1_0p333_0"],"t":30,"s":[100],"e":[0]},{"t":34.9999969706441}],"ix":11},"r":{"a":0,"k":0,"ix":10},"p":{"a":0,"k":[47,431,0],"ix":2},"a":{"a":0,"k":[22,22,0],"ix":1},"s":{"a":1,"k":[{"i":{"x":[0,0,0.667],"y":[1,1,1]},"o":{"x":[0.333,0.333,0.333],"y":[0,0,0]},"n":["0_1_0p333_0","0_1_0p333_0","0p667_1_0p333_0"],"t":20,"s":[0,0,100],"e":[60,60,100]},{"t":34.9999969706441}],"ix":6}},"ao":0,"shapes":[{"ty":"gr","it":[{"ind":0,"ty":"sh","ix":1,"ks":{"a":0,"k":{"i":[[0,11.887],[11.886,0],[0,-11.887],[-11.886,0]],"o":[[0,11.887],[11.886,0],[0,-11.887],[-11.886,0]],"v":[[0.001,-21.523],[-21.522,-0.001],[0.001,21.523],[21.522,-0.001]],"c":true},"ix":2},"nm":"Path 1","mn":"ADBE Vector Shape - Group","hd":false},{"ty":"fl","c":{"a":0,"k":[0.991999966491,0.8,0.246999987434,1],"ix":4},"o":{"a":0,"k":100,"ix":5},"r":1,"nm":"Fill 1","mn":"ADBE Vector Graphic - Fill","hd":false},{"ty":"tr","p":{"a":0,"k":[21.773,21.773],"ix":2},"a":{"a":0,"k":[0,0],"ix":1},"s":{"a":0,"k":[100,100],"ix":3},"r":{"a":0,"k":0,"ix":6},"o":{"a":0,"k":100,"ix":7},"sk":{"a":0,"k":0,"ix":4},"sa":{"a":0,"k":0,"ix":5},"nm":"Transform"}],"nm":"Group 1","np":2,"cix":2,"ix":1,"mn":"ADBE Vector Group","hd":false}],"ip":19.9999982689395,"op":34.9999969706441,"st":19.9999982689395,"bm":0},{"ddd":0,"ind":2,"ty":4,"nm":"Layer 2/Character - Say Hi Outlines","sr":1,"ks":{"o":{"a":1,"k":[{"i":{"x":[0.667],"y":[1]},"o":{"x":[0.333],"y":[0]},"n":["0p667_1_0p333_0"],"t":35,"s":[100],"e":[0]},{"t":39.999996537879}],"ix":11},"r":{"a":0,"k":0,"ix":10},"p":{"a":0,"k":[52,303,0],"ix":2},"a":{"a":0,"k":[22,22,0],"ix":1},"s":{"a":1,"k":[{"i":{"x":[0,0,0.667],"y":[1,1,1]},"o":{"x":[0.333,0.333,0.333],"y":[0,0,0]},"n":["0_1_0p333_0","0_1_0p333_0","0p667_1_0p333_0"],"t":25,"s":[0,0,100],"e":[75,75,100]},{"t":39.999996537879}],"ix":6}},"ao":0,"shapes":[{"ty":"gr","it":[{"ind":0,"ty":"sh","ix":1,"ks":{"a":0,"k":{"i":[[0,11.887],[11.886,0],[0,-11.887],[-11.886,0]],"o":[[0,11.887],[11.886,0],[0,-11.887],[-11.886,0]],"v":[[0.001,-21.523],[-21.522,-0.001],[0.001,21.523],[21.522,-0.001]],"c":true},"ix":2},"nm":"Path 1","mn":"ADBE Vector Shape - Group","hd":false},{"ty":"fl","c":{"a":0,"k":[0.991999966491,0.8,0.246999987434,1],"ix":4},"o":{"a":0,"k":100,"ix":5},"r":1,"nm":"Fill 1","mn":"ADBE Vector Graphic - Fill","hd":false},{"ty":"tr","p":{"a":0,"k":[21.773,21.773],"ix":2},"a":{"a":0,"k":[0,0],"ix":1},"s":{"a":0,"k":[100,100],"ix":3},"r":{"a":0,"k":0,"ix":6},"o":{"a":0,"k":100,"ix":7},"sk":{"a":0,"k":0,"ix":4},"sa":{"a":0,"k":0,"ix":5},"nm":"Transform"}],"nm":"Group 1","np":2,"cix":2,"ix":1,"mn":"ADBE Vector Group","hd":false}],"ip":24.9999978361744,"op":39.999996537879,"st":24.9999978361744,"bm":0},{"ddd":0,"ind":3,"ty":4,"nm":"Layer 2/Character - Say Hi Outlines","sr":1,"ks":{"o":{"a":1,"k":[{"i":{"x":[0.667],"y":[1]},"o":{"x":[0.333],"y":[0]},"n":["0p667_1_0p333_0"],"t":25,"s":[100],"e":[0]},{"t":29.9999974034093}],"ix":11},"r":{"a":0,"k":0,"ix":10},"p":{"a":0,"k":[150,344,0],"ix":2},"a":{"a":0,"k":[22,22,0],"ix":1},"s":{"a":1,"k":[{"i":{"x":[0,0,0.667],"y":[1,1,1]},"o":{"x":[0.333,0.333,0.333],"y":[0,0,0]},"n":["0_1_0p333_0","0_1_0p333_0","0p667_1_0p333_0"],"t":15,"s":[0,0,100],"e":[100,100,100]},{"t":29.9999974034093}],"ix":6}},"ao":0,"shapes":[{"ty":"gr","it":[{"ind":0,"ty":"sh","ix":1,"ks":{"a":0,"k":{"i":[[0,11.887],[11.886,0],[0,-11.887],[-11.886,0]],"o":[[0,11.887],[11.886,0],[0,-11.887],[-11.886,0]],"v":[[0.001,-21.523],[-21.522,-0.001],[0.001,21.523],[21.522,-0.001]],"c":true},"ix":2},"nm":"Path 1","mn":"ADBE Vector Shape - Group","hd":false},{"ty":"fl","c":{"a":0,"k":[0.991999966491,0.8,0.246999987434,1],"ix":4},"o":{"a":0,"k":100,"ix":5},"r":1,"nm":"Fill 1","mn":"ADBE Vector Graphic - Fill","hd":false},{"ty":"tr","p":{"a":0,"k":[21.773,21.773],"ix":2},"a":{"a":0,"k":[0,0],"ix":1},"s":{"a":0,"k":[100,100],"ix":3},"r":{"a":0,"k":0,"ix":6},"o":{"a":0,"k":100,"ix":7},"sk":{"a":0,"k":0,"ix":4},"sa":{"a":0,"k":0,"ix":5},"nm":"Transform"}],"nm":"Group 1","np":2,"cix":2,"ix":1,"mn":"ADBE Vector Group","hd":false}],"ip":14.9999987017046,"op":29.9999974034093,"st":14.9999987017046,"bm":0},{"ddd":0,"ind":7,"ty":4,"nm":"EyeR","parent":9,"sr":1,"ks":{"o":{"a":0,"k":100,"ix":11},"r":{"a":0,"k":0,"ix":10},"p":{"a":0,"k":[87.952,31.083,0],"ix":2},"a":{"a":0,"k":[5.4,9.385,0],"ix":1},"s":{"a":0,"k":[100,100,100],"ix":6}},"ao":0,"shapes":[{"ty":"gr","it":[{"ind":0,"ty":"sh","ix":1,"ks":{"a":1,"k":[{"i":{"x":0.667,"y":1},"o":{"x":0.333,"y":0},"n":"0p667_1_0p333_0","t":5,"s":[{"i":[[0,-5.045],[-2.845,0],[0,5.045],[2.845,0]],"o":[[0,5.045],[2.845,0],[0,-5.045],[-2.845,0]],"v":[[-5.15,-0.001],[-0.001,9.135],[5.15,-0.001],[-0.001,-9.135]],"c":true}],"e":[{"i":[[0,-5.045],[-2.845,0],[0,5.045],[2.845,0]],"o":[[0,5.045],[2.845,0],[0,-5.045],[-2.845,0]],"v":[[-5.15,-0.001],[-0.376,-2.24],[5.15,-0.001],[-0.126,-6.26]],"c":true}]},{"i":{"x":0.667,"y":1},"o":{"x":0.333,"y":0},"n":"0p667_1_0p333_0","t":10,"s":[{"i":[[0,-5.045],[-2.845,0],[0,5.045],[2.845,0]],"o":[[0,5.045],[2.845,0],[0,-5.045],[-2.845,0]],"v":[[-5.15,-0.001],[-0.376,-2.24],[5.15,-0.001],[-0.126,-6.26]],"c":true}],"e":[{"i":[[0,-5.045],[-2.845,0],[0,5.045],[2.845,0]],"o":[[0,5.045],[2.845,0],[0,-5.045],[-2.845,0]],"v":[[-9.275,-0.024],[-0.013,-2.115],[9.775,-0.024],[-0.001,-9.135]],"c":true}]},{"i":{"x":0.667,"y":1},"o":{"x":0.333,"y":0},"n":"0p667_1_0p333_0","t":15,"s":[{"i":[[0,-5.045],[-2.845,0],[0,5.045],[2.845,0]],"o":[[0,5.045],[2.845,0],[0,-5.045],[-2.845,0]],"v":[[-9.275,-0.024],[-0.013,-2.115],[9.775,-0.024],[-0.001,-9.135]],"c":true}],"e":[{"i":[[0,-5.045],[-2.845,0],[0,5.045],[2.845,0]],"o":[[0,5.045],[2.845,0],[0,-5.045],[-2.845,0]],"v":[[-9.275,-0.024],[-0.013,-2.115],[9.775,-0.024],[-0.001,-9.135]],"c":true}]},{"i":{"x":0.667,"y":1},"o":{"x":0.333,"y":0},"n":"0p667_1_0p333_0","t":40,"s":[{"i":[[0,-5.045],[-2.845,0],[0,5.045],[2.845,0]],"o":[[0,5.045],[2.845,0],[0,-5.045],[-2.845,0]],"v":[[-9.275,-0.024],[-0.013,-2.115],[9.775,-0.024],[-0.001,-9.135]],"c":true}],"e":[{"i":[[0,-5.045],[-2.845,0],[0,5.045],[2.845,0]],"o":[[0,5.045],[2.845,0],[0,-5.045],[-2.845,0]],"v":[[-5.15,-0.001],[-0.001,9.135],[5.15,-0.001],[-0.001,-9.135]],"c":true}]},{"t":44.9999961051139}],"ix":2},"nm":"Path 2","mn":"ADBE Vector Shape - Group","hd":false},{"ty":"mm","mm":4,"nm":"Merge Paths 1","mn":"ADBE Vector Filter - Merge","hd":false},{"ty":"fl","c":{"a":0,"k":[0.019837622549,0.019837622549,0.019837622549,1],"ix":4},"o":{"a":0,"k":100,"ix":5},"r":1,"nm":"Fill 1","mn":"ADBE Vector Graphic - Fill","hd":false},{"ty":"tr","p":{"a":0,"k":[5.4,9.385],"ix":2},"a":{"a":0,"k":[0,0],"ix":1},"s":{"a":0,"k":[100,100],"ix":3},"r":{"a":0,"k":0,"ix":6},"o":{"a":0,"k":100,"ix":7},"sk":{"a":0,"k":0,"ix":4},"sa":{"a":0,"k":0,"ix":5},"nm":"Transform"}],"nm":"Group 1","np":3,"cix":2,"ix":1,"mn":"ADBE Vector Group","hd":false}],"ip":0,"op":499.999956723488,"st":0,"bm":0},{"ddd":0,"ind":8,"ty":4,"nm":"EyeL","parent":9,"sr":1,"ks":{"o":{"a":0,"k":100,"ix":11},"r":{"a":0,"k":0,"ix":10},"p":{"a":0,"k":[30.401,31.083,0],"ix":2},"a":{"a":0,"k":[5.4,9.385,0],"ix":1},"s":{"a":0,"k":[100,100,100],"ix":6}},"ao":0,"shapes":[{"ty":"gr","it":[{"ind":0,"ty":"sh","ix":1,"ks":{"a":1,"k":[{"i":{"x":0.667,"y":1},"o":{"x":0.333,"y":0},"n":"0p667_1_0p333_0","t":5,"s":[{"i":[[0,-5.045],[-2.845,0],[0,5.045],[2.844,0]],"o":[[0,5.045],[2.844,0],[0,-5.045],[-2.845,0]],"v":[[-5.15,-0.001],[0,9.135],[5.15,-0.001],[0,-9.135]],"c":true}],"e":[{"i":[[0,-5.045],[-2.845,0],[0,5.045],[2.844,0]],"o":[[0,5.045],[2.844,0],[0,-5.045],[-2.845,0]],"v":[[-5.15,-0.001],[0,-2.24],[5.15,-0.001],[0,-5.885]],"c":true}]},{"i":{"x":0.667,"y":1},"o":{"x":0.333,"y":0},"n":"0p667_1_0p333_0","t":10,"s":[{"i":[[0,-5.045],[-2.845,0],[0,5.045],[2.844,0]],"o":[[0,5.045],[2.844,0],[0,-5.045],[-2.845,0]],"v":[[-5.15,-0.001],[0,-2.24],[5.15,-0.001],[0,-5.885]],"c":true}],"e":[{"i":[[0,-5.045],[-2.845,0],[0,5.045],[2.844,0]],"o":[[0,5.045],[2.844,0],[0,-5.045],[-2.845,0]],"v":[[-8.4,-0.05],[0.12,-1.99],[10.15,-0.05],[0,-9.135]],"c":true}]},{"i":{"x":0.667,"y":1},"o":{"x":0.333,"y":0},"n":"0p667_1_0p333_0","t":15,"s":[{"i":[[0,-5.045],[-2.845,0],[0,5.045],[2.844,0]],"o":[[0,5.045],[2.844,0],[0,-5.045],[-2.845,0]],"v":[[-8.4,-0.05],[0.12,-1.99],[10.15,-0.05],[0,-9.135]],"c":true}],"e":[{"i":[[0,-5.045],[-2.845,0],[0,5.045],[2.844,0]],"o":[[0,5.045],[2.844,0],[0,-5.045],[-2.845,0]],"v":[[-8.4,-0.05],[0.12,-1.99],[10.15,-0.05],[0,-9.135]],"c":true}]},{"i":{"x":0.667,"y":1},"o":{"x":0.333,"y":0},"n":"0p667_1_0p333_0","t":40,"s":[{"i":[[0,-5.045],[-2.845,0],[0,5.045],[2.844,0]],"o":[[0,5.045],[2.844,0],[0,-5.045],[-2.845,0]],"v":[[-8.4,-0.05],[0.12,-1.99],[10.15,-0.05],[0,-9.135]],"c":true}],"e":[{"i":[[0,-5.045],[-2.845,0],[0,5.045],[2.844,0]],"o":[[0,5.045],[2.844,0],[0,-5.045],[-2.845,0]],"v":[[-5.15,-0.001],[0,9.135],[5.15,-0.001],[0,-9.135]],"c":true}]},{"t":44.9999961051139}],"ix":2},"nm":"Path 2","mn":"ADBE Vector Shape - Group","hd":false},{"ty":"mm","mm":4,"nm":"Merge Paths 1","mn":"ADBE Vector Filter - Merge","hd":false},{"ty":"fl","c":{"a":0,"k":[0.019837622549,0.019837622549,0.019837622549,1],"ix":4},"o":{"a":0,"k":100,"ix":5},"r":1,"nm":"Fill 1","mn":"ADBE Vector Graphic - Fill","hd":false},{"ty":"tr","p":{"a":0,"k":[5.4,9.385],"ix":2},"a":{"a":0,"k":[0,0],"ix":1},"s":{"a":0,"k":[100,100],"ix":3},"r":{"a":0,"k":0,"ix":6},"o":{"a":0,"k":100,"ix":7},"sk":{"a":0,"k":0,"ix":4},"sa":{"a":0,"k":0,"ix":5},"nm":"Transform"}],"nm":"Group 1","np":3,"cix":2,"ix":1,"mn":"ADBE Vector Group","hd":false}],"ip":0,"op":499.999956723488,"st":0,"bm":0},{"ddd":0,"ind":9,"ty":4,"nm":"Face","parent":15,"sr":1,"ks":{"o":{"a":0,"k":100,"ix":11},"r":{"a":0,"k":0,"ix":10},"p":{"a":1,"k":[{"i":{"x":0.667,"y":1},"o":{"x":0.333,"y":0},"n":"0p667_1_0p333_0","t":5,"s":[77.279,113.035,0],"e":[77.279,146.035,0],"to":[0,5.5,0],"ti":[2.5,0,0]},{"i":{"x":0.667,"y":1},"o":{"x":0.333,"y":0},"n":"0p667_1_0p333_0","t":10,"s":[77.279,146.035,0],"e":[62.279,113.035,0],"to":[-2.5,0,0],"ti":[2.5,5.5,0]},{"i":{"x":0.667,"y":0.667},"o":{"x":0.167,"y":0.167},"n":"0p667_0p667_0p167_0p167","t":15,"s":[62.279,113.035,0],"e":[62.279,113.035,0],"to":[0,0,0],"ti":[0,0,0]},{"i":{"x":0.667,"y":1},"o":{"x":0.167,"y":0},"n":"0p667_1_0p167_0","t":35,"s":[62.279,113.035,0],"e":[77.279,113.035,0],"to":[2.5,0,0],"ti":[-2.5,0,0]},{"t":44.9999961051139}],"ix":2},"a":{"a":0,"k":[62.053,32.041,0],"ix":1},"s":{"a":0,"k":[100,100,100],"ix":6}},"ao":0,"shapes":[{"ty":"gr","it":[{"ind":0,"ty":"sh","ix":1,"ks":{"a":1,"k":[{"i":{"x":0.667,"y":1},"o":{"x":0.167,"y":0},"n":"0p667_1_0p167_0","t":5,"s":[{"i":[[0,-16.366],[11.278,-5.938],[19.683,0],[6.975,8.951],[0,6.283],[-34.133,0]],"o":[[0,6.928],[-15.364,8.089],[-21.029,0],[-4.347,-5.578],[0,-16.366],[34.133,0]],"v":[[61.803,-2.156],[42.991,17.856],[-14.369,31.791],[-55.496,16.167],[-61.803,-2.156],[-0.001,-31.791]],"c":true}],"e":[{"i":[[-0.012,-11.513],[11.175,-3.768],[19.683,0],[7.121,5.891],[0.285,6.277],[-34.133,0]],"o":[[0.007,6.928],[-15.223,5.132],[-21.029,0],[-4.437,-3.671],[-0.511,-11.263],[34.133,0]],"v":[[61.803,0.344],[43.184,16.304],[-13.869,23.791],[-53.581,16.462],[-61.698,3.344],[-2.501,-16.291]],"c":true}]},{"i":{"x":0.667,"y":1},"o":{"x":0.333,"y":0},"n":"0p667_1_0p333_0","t":10,"s":[{"i":[[-0.012,-11.513],[11.175,-3.768],[19.683,0],[7.121,5.891],[0.285,6.277],[-34.133,0]],"o":[[0.007,6.928],[-15.223,5.132],[-21.029,0],[-4.437,-3.671],[-0.511,-11.263],[34.133,0]],"v":[[61.803,0.344],[43.184,16.304],[-13.869,23.791],[-53.581,16.462],[-61.698,3.344],[-2.501,-16.291]],"c":true}],"e":[{"i":[[-9.885,-13.044],[15.5,-6.507],[16.538,0],[8.58,6.878],[-5.189,7.99],[-24.636,-0.378]],"o":[[5.738,7.572],[-14.569,6.117],[-17.759,0],[-7.911,-6.342],[10.343,-15.928],[28.32,0.434]],"v":[[48.512,-8.241],[52.379,25.722],[-9.511,21.791],[-60.663,23.92],[-55.593,-7.854],[-4.073,-34.791]],"c":true}]},{"i":{"x":0.667,"y":1},"o":{"x":0.333,"y":0},"n":"0p667_1_0p333_0","t":15,"s":[{"i":[[-9.885,-13.044],[15.5,-6.507],[16.538,0],[8.58,6.878],[-5.189,7.99],[-24.636,-0.378]],"o":[[5.738,7.572],[-14.569,6.117],[-17.759,0],[-7.911,-6.342],[10.343,-15.928],[28.32,0.434]],"v":[[48.512,-8.241],[52.379,25.722],[-9.511,21.791],[-60.663,23.92],[-55.593,-7.854],[-4.073,-34.791]],"c":true}],"e":[{"i":[[-9.885,-13.044],[15.5,-6.507],[16.538,0],[8.58,6.878],[-5.189,7.99],[-18.687,-0.081]],"o":[[5.738,7.572],[-14.569,6.117],[-17.759,0],[-7.911,-6.342],[10.343,-15.928],[28.323,0.122]],"v":[[48.512,-8.241],[52.379,25.722],[-9.511,21.791],[-60.663,23.92],[-55.593,-7.854],[-4.073,-34.791]],"c":true}]},{"i":{"x":0.833,"y":1},"o":{"x":0.333,"y":0},"n":"0p833_1_0p333_0","t":35,"s":[{"i":[[-9.885,-13.044],[15.5,-6.507],[16.538,0],[8.58,6.878],[-5.189,7.99],[-18.687,-0.081]],"o":[[5.738,7.572],[-14.569,6.117],[-17.759,0],[-7.911,-6.342],[10.343,-15.928],[28.323,0.122]],"v":[[48.512,-8.241],[52.379,25.722],[-9.511,21.791],[-60.663,23.92],[-55.593,-7.854],[-4.073,-34.791]],"c":true}],"e":[{"i":[[0,-16.366],[11.278,-5.938],[19.683,0],[6.975,8.951],[0,6.283],[-34.133,0]],"o":[[0,6.928],[-15.364,8.089],[-21.029,0],[-4.347,-5.578],[0,-16.366],[34.133,0]],"v":[[61.803,-2.156],[42.991,17.856],[-14.369,31.791],[-55.496,16.167],[-61.803,-2.156],[-0.001,-31.791]],"c":true}]},{"t":44.9999961051139}],"ix":2},"nm":"Path 1","mn":"ADBE Vector Shape - Group","hd":false},{"ty":"fl","c":{"a":0,"k":[1,1,1,1],"ix":4},"o":{"a":0,"k":100,"ix":5},"r":1,"nm":"Fill 1","mn":"ADBE Vector Graphic - Fill","hd":false},{"ty":"tr","p":{"a":0,"k":[62.052,32.041],"ix":2},"a":{"a":0,"k":[0,0],"ix":1},"s":{"a":0,"k":[100,100],"ix":3},"r":{"a":0,"k":0,"ix":6},"o":{"a":0,"k":100,"ix":7},"sk":{"a":0,"k":0,"ix":4},"sa":{"a":0,"k":0,"ix":5},"nm":"Transform"}],"nm":"Group 1","np":2,"cix":2,"ix":1,"mn":"ADBE Vector Group","hd":false}],"ip":0,"op":499.999956723488,"st":0,"bm":0},{"ddd":0,"ind":10,"ty":4,"nm":"Hat part","parent":12,"sr":1,"ks":{"o":{"a":0,"k":100,"ix":11},"r":{"a":0,"k":0,"ix":10},"p":{"a":0,"k":[193.075,46.403,0],"ix":2},"a":{"a":0,"k":[62.289,30.474,0],"ix":1},"s":{"a":0,"k":[100,100,100],"ix":6}},"ao":0,"shapes":[{"ty":"gr","it":[{"ind":0,"ty":"sh","ix":1,"ks":{"a":1,"k":[{"i":{"x":0.667,"y":1},"o":{"x":0.333,"y":0},"n":"0p667_1_0p333_0","t":5,"s":[{"i":[[0,0],[-4.362,-3.97],[0,0],[-5.15,-6.009],[0,0],[7.65,11.837]],"o":[[0,0],[10.774,9.804],[0,0],[5.15,6.008],[0,0],[-21.459,-33.21]],"v":[[-35.814,-30.224],[-23.797,-23.79],[25.13,-5.765],[56.889,9.686],[-4.027,18.387],[-40.581,18.387]],"c":true}],"e":[{"i":[[0,0],[-5.851,0.74],[0,0],[2.176,-8.386],[0,0],[7.65,11.837]],"o":[[0,0],[15.846,-2.005],[0,0],[-12.591,48.519],[0,0],[-21.459,-33.21]],"v":[[-35.814,-30.224],[-21.297,-33.29],[5.13,-44.265],[23.389,-56.314],[-1.527,17.137],[-40.581,18.387]],"c":true}]},{"i":{"x":0.667,"y":1},"o":{"x":0.333,"y":0},"n":"0p667_1_0p333_0","t":10,"s":[{"i":[[0,0],[-5.851,0.74],[0,0],[2.176,-8.386],[0,0],[7.65,11.837]],"o":[[0,0],[15.846,-2.005],[0,0],[-12.591,48.519],[0,0],[-21.459,-33.21]],"v":[[-35.814,-30.224],[-21.297,-33.29],[5.13,-44.265],[23.389,-56.314],[-1.527,17.137],[-40.581,18.387]],"c":true}],"e":[{"i":[[0,0],[-4.362,-3.97],[0,0],[-5.15,-6.009],[0,0],[7.65,11.837]],"o":[[0,0],[10.774,9.804],[0,0],[5.15,6.008],[0,0],[-21.459,-33.21]],"v":[[-35.814,-30.224],[-23.797,-23.79],[25.13,-5.765],[56.889,9.686],[-4.027,18.387],[-40.581,18.387]],"c":true}]},{"t":14.9999987017046}],"ix":2},"nm":"Path 1","mn":"ADBE Vector Shape - Group","hd":false},{"ty":"fl","c":{"a":0,"k":[0.286000001197,0.451000019148,1,1],"ix":4},"o":{"a":0,"k":100,"ix":5},"r":1,"nm":"Fill 1","mn":"ADBE Vector Graphic - Fill","hd":false},{"ty":"tr","p":{"a":0,"k":[62.289,30.474],"ix":2},"a":{"a":0,"k":[0,0],"ix":1},"s":{"a":0,"k":[100,100],"ix":3},"r":{"a":0,"k":0,"ix":6},"o":{"a":0,"k":100,"ix":7},"sk":{"a":0,"k":0,"ix":4},"sa":{"a":0,"k":0,"ix":5},"nm":"Transform"}],"nm":"Group 1","np":2,"cix":2,"ix":1,"mn":"ADBE Vector Group","hd":false}],"ip":0,"op":499.999956723488,"st":0,"bm":0},{"ddd":0,"ind":11,"ty":4,"nm":"Stick","sr":1,"ks":{"o":{"a":0,"k":100,"ix":11},"r":{"a":1,"k":[{"i":{"x":[0.667],"y":[1]},"o":{"x":[0.333],"y":[0]},"n":["0p667_1_0p333_0"],"t":5,"s":[0],"e":[-45]},{"i":{"x":[0.667],"y":[1]},"o":{"x":[0.333],"y":[0]},"n":["0p667_1_0p333_0"],"t":15,"s":[-45],"e":[-30]},{"i":{"x":[0.667],"y":[1]},"o":{"x":[0.333],"y":[0]},"n":["0p667_1_0p333_0"],"t":20,"s":[-30],"e":[-55]},{"i":{"x":[0.667],"y":[1]},"o":{"x":[0.333],"y":[0]},"n":["0p667_1_0p333_0"],"t":25,"s":[-55],"e":[-45]},{"i":{"x":[0.667],"y":[1]},"o":{"x":[0.333],"y":[0]},"n":["0p667_1_0p333_0"],"t":35,"s":[-45],"e":[0]},{"t":44.9999961051139}],"ix":10},"p":{"a":1,"k":[{"i":{"x":0.667,"y":1},"o":{"x":0.333,"y":0},"n":"0p667_1_0p333_0","t":5,"s":[266.49,550.555,0],"e":[224.99,463.055,0],"to":[-70.0833358764648,-14.6666669845581,0],"ti":[0,0,0]},{"i":{"x":0.667,"y":1},"o":{"x":0.333,"y":0},"n":"0p667_1_0p333_0","t":15,"s":[224.99,463.055,0],"e":[227.567,469.482,0],"to":[0,0,0],"ti":[0.5,-3.25,0]},{"i":{"x":0.667,"y":1},"o":{"x":0.333,"y":0},"n":"0p667_1_0p333_0","t":20,"s":[227.567,469.482,0],"e":[221.99,482.555,0],"to":[-0.5,3.25,0],"ti":[0,0,0]},{"i":{"x":0.667,"y":1},"o":{"x":0.333,"y":0},"n":"0p667_1_0p333_0","t":25,"s":[221.99,482.555,0],"e":[227.379,458.857,0],"to":[0,0,0],"ti":[0,0,0]},{"i":{"x":0.667,"y":1},"o":{"x":0.333,"y":0},"n":"0p667_1_0p333_0","t":30,"s":[227.379,458.857,0],"e":[224.99,463.055,0],"to":[0,0,0],"ti":[0,0,0]},{"i":{"x":0.667,"y":1},"o":{"x":0.333,"y":0},"n":"0p667_1_0p333_0","t":35,"s":[224.99,463.055,0],"e":[266.49,550.555,0],"to":[0,0,0],"ti":[-69.9799728393555,-15.4381399154663,0]},{"t":44.9999961051139}],"ix":2},"a":{"a":0,"k":[51.125,219.468,0],"ix":1},"s":{"a":0,"k":[100,100,100],"ix":6}},"ao":0,"shapes":[{"ty":"gr","it":[{"ind":0,"ty":"sh","ix":1,"ks":{"a":0,"k":{"i":[[0,0],[0,0],[0,0],[0,0],[0,0],[0,0],[0,0],[0,0],[0,0],[0,0],[0,0],[0,0],[0,0],[0,0]],"o":[[0,0],[0,0],[0,0],[0,0],[0,0],[0,0],[0,0],[0,0],[0,0],[0,0],[0,0],[0,0],[0,0],[0,0]],"v":[[28.875,109.594],[12.486,-11.176],[-5.98,-28.15],[0.544,-47.691],[-13.434,-69.316],[1.646,-81.711],[-19.874,-111.218],[-28.875,-105.941],[-13.371,-85.518],[-27.839,-69.742],[-16.647,-48.604],[-26.066,-27.617],[-0.382,-3.356],[17.474,111.218]],"c":true},"ix":2},"nm":"Path 1","mn":"ADBE Vector Shape - Group","hd":false},{"ty":"fl","c":{"a":0,"k":[0.419999994016,0.477999997606,0.560999971278,1],"ix":4},"o":{"a":0,"k":100,"ix":5},"r":1,"nm":"Fill 1","mn":"ADBE Vector Graphic - Fill","hd":false},{"ty":"tr","p":{"a":0,"k":[29.124,111.468],"ix":2},"a":{"a":0,"k":[0,0],"ix":1},"s":{"a":0,"k":[100,100],"ix":3},"r":{"a":0,"k":0,"ix":6},"o":{"a":0,"k":100,"ix":7},"sk":{"a":0,"k":0,"ix":4},"sa":{"a":0,"k":0,"ix":5},"nm":"Transform"}],"nm":"Group 1","np":2,"cix":2,"ix":1,"mn":"ADBE Vector Group","hd":false}],"ip":0,"op":499.999956723488,"st":0,"bm":0},{"ddd":0,"ind":12,"ty":4,"nm":"Hat","sr":1,"ks":{"o":{"a":0,"k":100,"ix":11},"r":{"a":1,"k":[{"i":{"x":[0.667],"y":[1]},"o":{"x":[0.333],"y":[0]},"n":["0p667_1_0p333_0"],"t":10,"s":[0],"e":[4]},{"i":{"x":[0.667],"y":[1]},"o":{"x":[0.167],"y":[0]},"n":["0p667_1_0p167_0"],"t":15,"s":[4],"e":[4]},{"i":{"x":[0.667],"y":[1]},"o":{"x":[0.167],"y":[0]},"n":["0p667_1_0p167_0"],"t":35,"s":[4],"e":[0]},{"t":44.9999961051139}],"ix":10},"p":{"a":1,"k":[{"i":{"x":0.667,"y":1},"o":{"x":0.333,"y":0},"n":"0p667_1_0p333_0","t":5,"s":[357.558,282.909,0],"e":[357.558,322.909,0],"to":[0,6.66666650772095,0],"ti":[0.5,-0.16666667163372,0]},{"i":{"x":0.667,"y":1},"o":{"x":0.333,"y":0},"n":"0p667_1_0p333_0","t":10,"s":[357.558,322.909,0],"e":[354.558,283.909,0],"to":[-0.5,0.16666667163372,0],"ti":[0.5,6.5,0]},{"i":{"x":0.667,"y":0.667},"o":{"x":0.167,"y":0.167},"n":"0p667_0p667_0p167_0p167","t":15,"s":[354.558,283.909,0],"e":[354.558,283.909,0],"to":[0,0,0],"ti":[0,0,0]},{"i":{"x":0.667,"y":1},"o":{"x":0.167,"y":0},"n":"0p667_1_0p167_0","t":35,"s":[354.558,283.909,0],"e":[357.558,282.909,0],"to":[0.5,-0.16666667163372,0],"ti":[-0.5,0.16666667163372,0]},{"t":44.9999961051139}],"ix":2},"a":{"a":0,"k":[123.682,135.267,0],"ix":1},"s":{"a":0,"k":[100,100,100],"ix":6}},"ao":0,"shapes":[{"ty":"gr","it":[{"ind":0,"ty":"sh","ix":1,"ks":{"a":0,"k":{"i":[[19.055,-19.792],[0,0],[0,0],[0,0],[0,0],[-19.537,11.043],[-26.506,8.803],[-21.745,7.393],[6.52,6.138],[0,0],[0,0],[0,0],[0,0]],"o":[[0,0],[0,0],[0,0],[0,0],[0,0],[26.323,-14.878],[37.768,-12.542],[21.746,-7.393],[-17.117,-16.118],[0,0],[0,0],[3.433,-4.292],[0,0]],"v":[[25.639,-115.225],[-59.339,-26.813],[-83.374,44.432],[-83.374,81.342],[-123.432,123.974],[-101.114,123.974],[-12.988,113.054],[83.149,119.921],[116.911,109.096],[84.007,81.342],[84.867,41.857],[57.398,-25.096],[68.557,-72.307]],"c":true},"ix":2},"nm":"Path 1","mn":"ADBE Vector Shape - Group","hd":false},{"ty":"fl","c":{"a":0,"k":[0.286000001197,0.451000019148,1,1],"ix":4},"o":{"a":0,"k":100,"ix":5},"r":1,"nm":"Fill 1","mn":"ADBE Vector Graphic - Fill","hd":false},{"ty":"tr","p":{"a":0,"k":[123.681,135.267],"ix":2},"a":{"a":0,"k":[0,0],"ix":1},"s":{"a":0,"k":[100,100],"ix":3},"r":{"a":0,"k":0,"ix":6},"o":{"a":0,"k":100,"ix":7},"sk":{"a":0,"k":0,"ix":4},"sa":{"a":0,"k":0,"ix":5},"nm":"Transform"}],"nm":"Group 1","np":2,"cix":2,"ix":1,"mn":"ADBE Vector Group","hd":false}],"ip":0,"op":499.999956723488,"st":0,"bm":0},{"ddd":0,"ind":15,"ty":4,"nm":"Body","sr":1,"ks":{"o":{"a":0,"k":100,"ix":11},"r":{"a":0,"k":0,"ix":10},"p":{"a":0,"k":[355.184,512,0],"ix":2},"a":{"a":0,"k":[77.503,186.866,0],"ix":1},"s":{"a":0,"k":[100,100,100],"ix":6}},"ao":0,"shapes":[{"ty":"gr","it":[{"ind":0,"ty":"sh","ix":1,"ks":{"a":1,"k":[{"i":{"x":0.667,"y":1},"o":{"x":0.333,"y":0},"n":"0p667_1_0p333_0","t":5,"s":[{"i":[[0,0],[16.592,0],[0,16.592],[0,0],[0,-41.705],[0,0],[0,0],[-16.593,0],[0,-16.592],[0,0],[0,38.576],[0,0]],"o":[[0,16.592],[-16.593,0],[0,0],[0,0],[0,38.409],[0,0],[0,-16.592],[16.592,0],[0,0],[0,0],[0,-41.539],[0,0]],"v":[[30.043,-120.172],[0,-90.129],[-30.043,-120.172],[-77.254,-120.172],[-77.254,4.945],[-77.254,120.172],[-30.043,120.172],[0,90.129],[30.043,120.172],[77.254,120.172],[77.254,4.445],[77.254,-120.172]],"c":true}],"e":[{"i":[[0,0],[16.592,0],[0,16.592],[0,0],[0,-41.705],[0,0],[0,0],[-16.593,0],[0,-16.592],[0,0],[0,38.576],[0,0]],"o":[[0,16.592],[-16.593,0],[0,0],[0,0],[0,38.409],[0,0],[0,-16.592],[16.592,0],[0,0],[0,0],[0,-41.539],[0,0]],"v":[[26.845,-45.671],[-3.197,-15.628],[-33.24,-45.671],[-80.451,-45.671],[-88.754,48.18],[-77.254,120.172],[-30.043,120.172],[0,90.129],[30.042,120.172],[77.254,120.172],[85.254,56.945],[74.056,-45.671]],"c":true}]},{"i":{"x":0.667,"y":1},"o":{"x":0.333,"y":0},"n":"0p667_1_0p333_0","t":10,"s":[{"i":[[0,0],[16.592,0],[0,16.592],[0,0],[0,-41.705],[0,0],[0,0],[-16.593,0],[0,-16.592],[0,0],[0,38.576],[0,0]],"o":[[0,16.592],[-16.593,0],[0,0],[0,0],[0,38.409],[0,0],[0,-16.592],[16.592,0],[0,0],[0,0],[0,-41.539],[0,0]],"v":[[26.845,-45.671],[-3.197,-15.628],[-33.24,-45.671],[-80.451,-45.671],[-88.754,48.18],[-77.254,120.172],[-30.043,120.172],[0,90.129],[30.042,120.172],[77.254,120.172],[85.254,56.945],[74.056,-45.671]],"c":true}],"e":[{"i":[[0,0],[16.592,0],[0,16.592],[0,0],[0,-41.705],[0,0],[0,0],[-16.593,0],[0,-16.592],[0,0],[1.321,38.553],[0,0]],"o":[[0,16.592],[-16.593,0],[0,0],[0,0],[0,38.409],[0,0],[0,-16.592],[16.592,0],[0,0],[0,0],[-2.372,-69.235],[0,0]],"v":[[26.581,-82.671],[-3.461,-52.628],[-33.504,-82.671],[-80.715,-82.671],[-88.819,19.18],[-77.254,120.172],[-30.043,120.172],[0,90.129],[30.042,120.172],[77.254,120.172],[70.688,28.18],[73.792,-82.671]],"c":true}]},{"i":{"x":0.667,"y":1},"o":{"x":0.333,"y":0},"n":"0p667_1_0p333_0","t":15,"s":[{"i":[[0,0],[16.592,0],[0,16.592],[0,0],[0,-41.705],[0,0],[0,0],[-16.593,0],[0,-16.592],[0,0],[1.321,38.553],[0,0]],"o":[[0,16.592],[-16.593,0],[0,0],[0,0],[0,38.409],[0,0],[0,-16.592],[16.592,0],[0,0],[0,0],[-2.372,-69.235],[0,0]],"v":[[26.581,-82.671],[-3.461,-52.628],[-33.504,-82.671],[-80.715,-82.671],[-88.819,19.18],[-77.254,120.172],[-30.043,120.172],[0,90.129],[30.042,120.172],[77.254,120.172],[70.688,28.18],[73.792,-82.671]],"c":true}],"e":[{"i":[[0,0],[16.592,0],[0,16.592],[0,0],[0,-41.705],[0,0],[0,0],[-16.593,0],[0,-16.592],[0,0],[1.321,38.553],[0,0]],"o":[[0,16.592],[-16.593,0],[0,0],[0,0],[0,38.409],[0,0],[0,-16.592],[16.592,0],[0,0],[0,0],[-2.372,-69.235],[0,0]],"v":[[26.581,-82.671],[-3.461,-52.628],[-33.504,-82.671],[-80.715,-82.671],[-88.819,19.18],[-77.254,120.172],[-30.043,120.172],[0,90.129],[30.042,120.172],[77.254,120.172],[70.688,28.18],[73.792,-82.671]],"c":true}]},{"i":{"x":0.667,"y":1},"o":{"x":0.333,"y":0},"n":"0p667_1_0p333_0","t":35,"s":[{"i":[[0,0],[16.592,0],[0,16.592],[0,0],[0,-41.705],[0,0],[0,0],[-16.593,0],[0,-16.592],[0,0],[1.321,38.553],[0,0]],"o":[[0,16.592],[-16.593,0],[0,0],[0,0],[0,38.409],[0,0],[0,-16.592],[16.592,0],[0,0],[0,0],[-2.372,-69.235],[0,0]],"v":[[26.581,-82.671],[-3.461,-52.628],[-33.504,-82.671],[-80.715,-82.671],[-88.819,19.18],[-77.254,120.172],[-30.043,120.172],[0,90.129],[30.042,120.172],[77.254,120.172],[70.688,28.18],[73.792,-82.671]],"c":true}],"e":[{"i":[[0,0],[16.592,0],[0,16.592],[0,0],[0,-41.705],[0,0],[0,0],[-16.593,0],[0,-16.592],[0,0],[0,38.576],[0,0]],"o":[[0,16.592],[-16.593,0],[0,0],[0,0],[0,38.409],[0,0],[0,-16.592],[16.592,0],[0,0],[0,0],[0,-41.539],[0,0]],"v":[[30.043,-120.172],[0,-90.129],[-30.043,-120.172],[-77.254,-120.172],[-77.254,4.945],[-77.254,120.172],[-30.043,120.172],[0,90.129],[30.043,120.172],[77.254,120.172],[77.254,4.445],[77.254,-120.172]],"c":true}]},{"t":44.9999961051139}],"ix":2},"nm":"Path 1","mn":"ADBE Vector Shape - Group","hd":false},{"ty":"fl","c":{"a":0,"k":[0.991999966491,0.8,0.246999987434,1],"ix":4},"o":{"a":0,"k":100,"ix":5},"r":1,"nm":"Fill 1","mn":"ADBE Vector Graphic - Fill","hd":false},{"ty":"tr","p":{"a":0,"k":[77.503,120.421],"ix":2},"a":{"a":0,"k":[0,0],"ix":1},"s":{"a":0,"k":[100,100],"ix":3},"r":{"a":0,"k":0,"ix":6},"o":{"a":0,"k":100,"ix":7},"sk":{"a":0,"k":0,"ix":4},"sa":{"a":0,"k":0,"ix":5},"nm":"Transform"}],"nm":"Group 1","np":2,"cix":2,"ix":1,"mn":"ADBE Vector Group","hd":false}],"ip":0,"op":499.999956723488,"st":0,"bm":0},{"ddd":0,"ind":16,"ty":4,"nm":"HandL","sr":1,"ks":{"o":{"a":0,"k":100,"ix":11},"r":{"a":0,"k":0,"ix":10},"p":{"a":0,"k":[222,360,0],"ix":2},"a":{"a":0,"k":[0,0,0],"ix":1},"s":{"a":0,"k":[100,100,100],"ix":6}},"ao":0,"shapes":[{"ty":"gr","it":[{"ind":0,"ty":"sh","ix":1,"ks":{"a":1,"k":[{"i":{"x":0.833,"y":0.833},"o":{"x":0.167,"y":0},"n":"0p833_0p833_0p167_0","t":5,"s":[{"i":[[0,0],[4,-20.5],[0,0]],"o":[[0,0],[-3.173,16.261],[0,0]],"v":[[63,127.5],[40,159],[46,189.5]],"c":false}],"e":[{"i":[[0,0],[9.717,-4.763],[0,0]],"o":[[0,0],[-12.75,6.25],[0,0]],"v":[[63,127.5],[34.75,143.5],[0.75,157.25]],"c":false}]},{"i":{"x":0.833,"y":1},"o":{"x":0.167,"y":0.167},"n":"0p833_1_0p167_0p167","t":10,"s":[{"i":[[0,0],[9.717,-4.763],[0,0]],"o":[[0,0],[-12.75,6.25],[0,0]],"v":[[63,127.5],[34.75,143.5],[0.75,157.25]],"c":false}],"e":[{"i":[[0,0],[16.137,6.677],[0,0]],"o":[[0,0],[-14.5,-6],[0,0]],"v":[[63,127.5],[32.5,122],[0,99]],"c":false}]},{"i":{"x":0.833,"y":1},"o":{"x":0.167,"y":0},"n":"0p833_1_0p167_0","t":15,"s":[{"i":[[0,0],[16.137,6.677],[0,0]],"o":[[0,0],[-14.5,-6],[0,0]],"v":[[63,127.5],[32.5,122],[0,99]],"c":false}],"e":[{"i":[[0,0],[16.137,6.677],[0,0]],"o":[[0,0],[-14.5,-6],[0,0]],"v":[[63,127.5],[30.5,128.5],[3,105.5]],"c":false}]},{"i":{"x":0.833,"y":1},"o":{"x":0.167,"y":0},"n":"0p833_1_0p167_0","t":20,"s":[{"i":[[0,0],[16.137,6.677],[0,0]],"o":[[0,0],[-14.5,-6],[0,0]],"v":[[63,127.5],[30.5,128.5],[3,105.5]],"c":false}],"e":[{"i":[[0,0],[17.42,1.244],[0,0]],"o":[[0,0],[-21,-1.5],[0,0]],"v":[[63,127.5],[27,129.5],[-7,119.5]],"c":false}]},{"i":{"x":0.833,"y":1},"o":{"x":0.167,"y":0},"n":"0p833_1_0p167_0","t":25,"s":[{"i":[[0,0],[17.42,1.244],[0,0]],"o":[[0,0],[-21,-1.5],[0,0]],"v":[[63,127.5],[27,129.5],[-7,119.5]],"c":false}],"e":[{"i":[[0,0],[13.5,7],[0,0]],"o":[[0,0],[-15.286,-7.926],[0,0]],"v":[[63,127.5],[30,115],[0.5,93.5]],"c":false}]},{"i":{"x":0.833,"y":1},"o":{"x":0.167,"y":0},"n":"0p833_1_0p167_0","t":30,"s":[{"i":[[0,0],[13.5,7],[0,0]],"o":[[0,0],[-15.286,-7.926],[0,0]],"v":[[63,127.5],[30,115],[0.5,93.5]],"c":false}],"e":[{"i":[[0,0],[13.5,7],[0,0]],"o":[[0,0],[-15.286,-7.926],[0,0]],"v":[[63,127.5],[28,117.5],[0.5,99]],"c":false}]},{"i":{"x":0.833,"y":0.833},"o":{"x":0.167,"y":0},"n":"0p833_0p833_0p167_0","t":35,"s":[{"i":[[0,0],[13.5,7],[0,0]],"o":[[0,0],[-15.286,-7.926],[0,0]],"v":[[63,127.5],[28,117.5],[0.5,99]],"c":false}],"e":[{"i":[[0,0],[9.717,-4.763],[0,0]],"o":[[0,0],[-12.75,6.25],[0,0]],"v":[[63,127.5],[34.75,143.5],[0.75,157.25]],"c":false}]},{"i":{"x":0.833,"y":1},"o":{"x":0.167,"y":0.167},"n":"0p833_1_0p167_0p167","t":40,"s":[{"i":[[0,0],[9.717,-4.763],[0,0]],"o":[[0,0],[-12.75,6.25],[0,0]],"v":[[63,127.5],[34.75,143.5],[0.75,157.25]],"c":false}],"e":[{"i":[[0,0],[4,-20.5],[0,0]],"o":[[0,0],[-3.173,16.261],[0,0]],"v":[[63,127.5],[40,159],[46,189.5]],"c":false}]},{"t":44.9999961051139}],"ix":2},"nm":"Path 1","mn":"ADBE Vector Shape - Group","hd":false},{"ty":"st","c":{"a":0,"k":[0.996078012504,0.650979973288,0.03529400171,1],"ix":3},"o":{"a":0,"k":100,"ix":4},"w":{"a":0,"k":17.167,"ix":5},"lc":2,"lj":2,"nm":"Stroke 1","mn":"ADBE Vector Graphic - Stroke","hd":false},{"ty":"tr","p":{"a":0,"k":[0,0],"ix":2},"a":{"a":0,"k":[0,0],"ix":1},"s":{"a":0,"k":[100,100],"ix":3},"r":{"a":0,"k":0,"ix":6},"o":{"a":0,"k":100,"ix":7},"sk":{"a":0,"k":0,"ix":4},"sa":{"a":0,"k":0,"ix":5},"nm":"Transform"}],"nm":"Shape 1","np":3,"cix":2,"ix":1,"mn":"ADBE Vector Group","hd":false}],"ip":0,"op":499.999956723488,"st":0,"bm":0},{"ddd":0,"ind":24,"ty":4,"nm":"HandR","sr":1,"ks":{"o":{"a":0,"k":100,"ix":11},"r":{"a":0,"k":0,"ix":10},"p":{"a":0,"k":[360,360,0],"ix":2},"a":{"a":0,"k":[0,0,0],"ix":1},"s":{"a":0,"k":[100,100,100],"ix":6}},"ao":0,"shapes":[{"ty":"gr","it":[{"ind":0,"ty":"sh","ix":1,"ks":{"a":1,"k":[{"i":{"x":0.833,"y":1},"o":{"x":0.333,"y":0},"n":"0p833_1_0p333_0","t":5,"s":[{"i":[[0,0],[-7.039,-16.784],[0,0]],"o":[[0,0],[6.5,15.5],[0,0]],"v":[[65,124],[84.5,148.5],[91,183.5]],"c":false}],"e":[{"i":[[0,0],[-13.5,9.5],[0,0]],"o":[[0,0],[16.176,-11.383],[0,0]],"v":[[65,124],[97.5,116.5],[126,87]],"c":false}]},{"i":{"x":0.833,"y":1},"o":{"x":0.167,"y":0},"n":"0p833_1_0p167_0","t":15,"s":[{"i":[[0,0],[-13.5,9.5],[0,0]],"o":[[0,0],[16.176,-11.383],[0,0]],"v":[[65,124],[97.5,116.5],[126,87]],"c":false}],"e":[{"i":[[0,0],[-9.5,3],[0,0]],"o":[[0,0],[18.862,-5.956],[0,0]],"v":[[65,124],[99.5,119.5],[134.5,103.5]],"c":false}]},{"i":{"x":0.833,"y":1},"o":{"x":0.167,"y":0},"n":"0p833_1_0p167_0","t":25,"s":[{"i":[[0,0],[-9.5,3],[0,0]],"o":[[0,0],[18.862,-5.956],[0,0]],"v":[[65,124],[99.5,119.5],[134.5,103.5]],"c":false}],"e":[{"i":[[0,0],[-13.5,9.5],[0,0]],"o":[[0,0],[16.176,-11.383],[0,0]],"v":[[65,124],[97.5,116.5],[126,87]],"c":false}]},{"i":{"x":0.667,"y":1},"o":{"x":0.167,"y":0},"n":"0p667_1_0p167_0","t":35,"s":[{"i":[[0,0],[-13.5,9.5],[0,0]],"o":[[0,0],[16.176,-11.383],[0,0]],"v":[[65,124],[97.5,116.5],[126,87]],"c":false}],"e":[{"i":[[0,0],[-7.039,-16.784],[0,0]],"o":[[0,0],[6.5,15.5],[0,0]],"v":[[65,124],[84.5,148.5],[91,183.5]],"c":false}]},{"t":44.9999961051139}],"ix":2},"nm":"Path 1","mn":"ADBE Vector Shape - Group","hd":false},{"ty":"st","c":{"a":0,"k":[0.996078012504,0.650979973288,0.03529400171,1],"ix":3},"o":{"a":0,"k":100,"ix":4},"w":{"a":0,"k":17.167,"ix":5},"lc":2,"lj":2,"nm":"Stroke 1","mn":"ADBE Vector Graphic - Stroke","hd":false},{"ty":"tr","p":{"a":0,"k":[0,0],"ix":2},"a":{"a":0,"k":[0,0],"ix":1},"s":{"a":0,"k":[100,100],"ix":3},"r":{"a":0,"k":0,"ix":6},"o":{"a":0,"k":100,"ix":7},"sk":{"a":0,"k":0,"ix":4},"sa":{"a":0,"k":0,"ix":5},"nm":"Transform"}],"nm":"Shape 1","np":3,"cix":2,"ix":1,"mn":"ADBE Vector Group","hd":false}],"ip":0,"op":499.999956723488,"st":0,"bm":0}],"markers":[]}